weapon_type,concept,level,name,description
칼,그림자,0,+0강 그림자 흔적만 남은 칼,"그림자의 힘이 칼에 흔적만 남은 단계로 스며들어, 이제는 사용자의 의지마저 시험한다."
칼,그림자,1,+1강 그림자 깃든 칼,"그림자의 힘이 칼에 깃든 단계로 스며들어, 이제는 사용자의 의지마저 시험한다."
칼,그림자,2,+2강 그림자 뒤얽힌 칼,"그림자의 힘이 칼에 뒤얽힌 단계로 스며들어, 이제는 사용자의 의지마저 시험한다."
칼,그림자,3,+3강 그림자 잠식된 칼,"그림자의 힘이 칼에 잠식 단계로 스며들어, 이제는 사용자의 의지마저 시험한다."
칼,그림자,4,+4강 그림자 삼켜진 칼,"그림자의 힘이 칼에 삼켜진 단계로 스며들어, 이제는 사용자의 의지마저 시험한다."
칼,그림자,5,+5강 그림자 숨 쉬는 칼,"그림자의 힘이 칼에 숨 쉬는 단계로 스며들어, 이제는 사용자의 의지마저 시험한다."
칼,그림자,6,+6강 그림자 속삭이는 칼,"그림자의 힘이 칼에 속삭이는 단계로 스며들어, 이제는 사용자의 의지마저 시험한다."
칼,그림자,7,+7강 그림자 의지를 가진 칼,"그림자의 힘이 칼에 의지를 가진 단계로 스며들어, 이제는 사용자의 의지마저 시험한다."
칼,그림자,8,+8강 그림자 시험하는 칼,"그림자의 힘이 칼에 시험하는 단계로 스며들어, 이제는 사용자의 의지마저 시험한다."
칼,그림자,9,+9강 그림자 명령하는 칼,"그림자의 힘이 칼에 명령하는 단계로 스며들어, 이제는 사용자의 의지마저 시험한다."
칼,그림자,10,+10강 그림자 주인이 된 칼,"그림자의 힘이 칼에 주인이  단계로 스며들어, 이제는 사용자의 의지마저 시험한다."
칼,그림자,11,+11강 그림자 굴복시킨 칼,"그림자의 힘이 칼에 굴복시킨 단계로 스며들어, 이제는 사용자의 의지마저 시험한다."
칼,그림자,12,+12강 그림자 피를 요구하는 칼,"그림자의 힘이 칼에 피를 요구하는 단계로 스며들어, 이제는 사용자의 의지마저 시험한다."
칼,그림자,13,+13강 그림자 전장을 뒤덮는 칼,"그림자의 힘이 칼에 전장을 뒤덮는 단계로 스며들어, 이제는 사용자의 의지마저 시험한다."
칼,그림자,14,+14강 그림자 영혼을 침식하는 칼,"그림자의 힘이 칼에 영혼을 침식하는 단계로 스며들어, 이제는 사용자의 의지마저 시험한다."
칼,그림자,15,+15강 그림자 재앙이 된 칼,"그림자의 힘이 칼에 재앙이  단계로 스며들어, 이제는 사용자의 의지마저 시험한다."
칼,그림자,16,+16강 그림자 세계에 뿌리내린 칼,"그림자의 힘이 칼에 세계에 뿌리내린 단계로 스며들어, 이제는 사용자의 의지마저 시험한다."
칼,그림자,17,+17강 그림자 질서를 뒤흔드는 칼,"그림자의 힘이 칼에 질서를 뒤흔드는 단계로 스며들어, 이제는 사용자의 의지마저 시험한다."
칼,그림자,18,+18강 그림자 세계를 삼키는 칼,"그림자의 힘이 칼에 세계를 삼키는 단계로 스며들어, 이제는 사용자의 의지마저 시험한다."
칼,그림자,19,+19강 그림자 모든 것을 집어삼킨 칼,"그림자의 힘이 칼에 모든 것을 집어삼킨 단계로 스며들어, 이제는 사용자의 의지마저 시험한다."
칼,그림자,20,+20강 그림자 그 자체가 된 칼,"그림자의 힘이 칼에 그 자체가  단계로 스며들어, 이제는 사용자의 의지마저 시험한다."
칼,피,0,+0강 피 흔적만 남은 칼,"피의 힘이 칼에 흔적만 남은 단계로 스며들어, 이제는 사용자의 의지마저 시험한다."
칼,피,1,+1강 피 깃든 칼,"피의 힘이 칼에 깃든 단계로 스며들어, 이제는 사용자의 의지마저 시험한다."
칼,피,2,+2강 피 뒤얽힌 칼,"피의 힘이 칼에 뒤얽힌 단계로 스며들어, 이제는 사용자의 의지마저 시험한다."
칼,피,3,+3강 피 잠식된 칼,"피의 힘이 칼에 잠식 단계로 스며들어, 이제는 사용자의 의지마저 시험한다."
칼,피,4,+4강 피 삼켜진 칼,"피의 힘이 칼에 삼켜진 단계로 스며들어, 이제는 사용자의 의지마저 시험한다."
칼,피,5,+5강 피 숨 쉬는 칼,"피의 힘이 칼에 숨 쉬는 단계로 스며들어, 이제는 사용자의 의지마저 시험한다."
칼,피,6,+6강 피 속삭이는 칼,"피의 힘이 칼에 속삭이는 단계로 스며들어, 이제는 사용자의 의지마저 시험한다."
칼,피,7,+7강 피 의지를 가진 칼,"피의 힘이 칼에 의지를 가진 단계로 스며들어, 이제는 사용자의 의지마저 시험한다."
칼,피,8,+8강 피 시험하는 칼,"피의 힘이 칼에 시험하는 단계로 스며들어, 이제는 사용자의 의지마저 시험한다."
칼,피,9,+9강 피 명령하는 칼,"피의 힘이 칼에 명령하는 단계로 스며들어, 이제는 사용자의 의지마저 시험한다."
칼,피,10,+10강 피 주인이 된 칼,"피의 힘이 칼에 주인이  단계로 스며들어, 이제는 사용자의 의지마저 시험한다."
칼,피,11,+11강 피 굴복시킨 칼,"피의 힘이 칼에 굴복시킨 단계로 스며들어, 이제는 사용자의 의지마저 시험한다."
칼,피,12,+12강 피 피를 요구하는 칼,"피의 힘이 칼에 피를 요구하는 단계로 스며들어, 이제는 사용자의 의지마저 시험한다."
칼,피,13,+13강 피 전장을 뒤덮는 칼,"피의 힘이 칼에 전장을 뒤덮는 단계로 스며들어, 이제는 사용자의 의지마저 시험한다."
칼,피,14,+14강 피 영혼을 침식하는 칼,"피의 힘이 칼에 영혼을 침식하는 단계로 스며들어, 이제는 사용자의 의지마저 시험한다."
칼,피,15,+15강 피 재앙이 된 칼,"피의 힘이 칼에 재앙이  단계로 스며들어, 이제는 사용자의 의지마저 시험한다."
칼,피,16,+16강 피 세계에 뿌리내린 칼,"피의 힘이 칼에 세계에 뿌리내린 단계로 스며들어, 이제는 사용자의 의지마저 시험한다."
칼,피,17,+17강 피 질서를 뒤흔드는 칼,"피의 힘이 칼에 질서를 뒤흔드는 단계로 스며들어, 이제는 사용자의 의지마저 시험한다."
칼,피,18,+18강 피 세계를 삼키는 칼,"피의 힘이 칼에 세계를 삼키는 단계로 스며들어, 이제는 사용자의 의지마저 시험한다."
칼,피,19,+19강 피 모든 것을 집어삼킨 칼,"피의 힘이 칼에 모든 것을 집어삼킨 단계로 스며들어, 이제는 사용자의 의지마저 시험한다."
칼,피,20,+20강 피 그 자체가 된 칼,"피의 힘이 칼에 그 자체가  단계로 스며들어, 이제는 사용자의 의지마저 시험한다."
칼,저주,0,+0강 저주 흔적만 남은 칼,"저주의 힘이 칼에 흔적만 남은 단계로 스며들어, 이제는 사용자의 의지마저 시험한다."
칼,저주,1,+1강 저주 깃든 칼,"저주의 힘이 칼에 깃든 단계로 스며들어, 이제는 사용자의 의지마저 시험한다."
칼,저주,2,+2강 저주 뒤얽힌 칼,"저주의 힘이 칼에 뒤얽힌 단계로 스며들어, 이제는 사용자의 의지마저 시험한다."
칼,저주,3,+3강 저주 잠식된 칼,"저주의 힘이 칼에 잠식 단계로 스며들어, 이제는 사용자의 의지마저 시험한다."
칼,저주,4,+4강 저주 삼켜진 칼,"저주의 힘이 칼에 삼켜진 단계로 스며들어, 이제는 사용자의 의지마저 시험한다."
칼,저주,5,+5강 저주 숨 쉬는 칼,"저주의 힘이 칼에 숨 쉬는 단계로 스며들어, 이제는 사용자의 의지마저 시험한다."
칼,저주,6,+6강 저주 속삭이는 칼,"저주의 힘이 칼에 속삭이는 단계로 스며들어, 이제는 사용자의 의지마저 시험한다."
칼,저주,7,+7강 저주 의지를 가진 칼,"저주의 힘이 칼에 의지를 가진 단계로 스며들어, 이제는 사용자의 의지마저 시험한다."
칼,저주,8,+8강 저주 시험하는 칼,"저주의 힘이 칼에 시험하는 단계로 스며들어, 이제는 사용자의 의지마저 시험한다."
칼,저주,9,+9강 저주 명령하는 칼,"저주의 힘이 칼에 명령하는 단계로 스며들어, 이제는 사용자의 의지마저 시험한다."
칼,저주,10,+10강 저주 주인이 된 칼,"저주의 힘이 칼에 주인이  단계로 스며들어, 이제는 사용자의 의지마저 시험한다."
칼,저주,11,+11강 저주 굴복시킨 칼,"저주의 힘이 칼에 굴복시킨 단계로 스며들어, 이제는 사용자의 의지마저 시험한다."
칼,저주,12,+12강 저주 피를 요구하는 칼,"저주의 힘이 칼에 피를 요구하는 단계로 스며들어, 이제는 사용자의 의지마저 시험한다."
칼,저주,13,+13강 저주 전장을 뒤덮는 칼,"저주의 힘이 칼에 전장을 뒤덮는 단계로 스며들어, 이제는 사용자의 의지마저 시험한다."
칼,저주,14,+14강 저주 영혼을 침식하는 칼,"저주의 힘이 칼에 영혼을 침식하는 단계로 스며들어, 이제는 사용자의 의지마저 시험한다."
칼,저주,15,+15강 저주 재앙이 된 칼,"저주의 힘이 칼에 재앙이  단계로 스며들어, 이제는 사용자의 의지마저 시험한다."
칼,저주,16,+16강 저주 세계에 뿌리내린 칼,"저주의 힘이 칼에 세계에 뿌리내린 단계로 스며들어, 이제는 사용자의 의지마저 시험한다."
칼,저주,17,+17강 저주 질서를 뒤흔드는 칼,"저주의 힘이 칼에 질서를 뒤흔드는 단계로 스며들어, 이제는 사용자의 의지마저 시험한다."
칼,저주,18,+18강 저주 세계를 삼키는 칼,"저주의 힘이 칼에 세계를 삼키는 단계로 스며들어, 이제는 사용자의 의지마저 시험한다."
칼,저주,19,+19강 저주 모든 것을 집어삼킨 칼,"저주의 힘이 칼에 모든 것을 집어삼킨 단계로 스며들어, 이제는 사용자의 의지마저 시험한다."
칼,저주,20,+20강 저주 그 자체가 된 칼,"저주의 힘이 칼에 그 자체가  단계로 스며들어, 이제는 사용자의 의지마저 시험한다."
칼,시간,0,+0강 시간 흔적만 남은 칼,"시간의 힘이 칼에 흔적만 남은 단계로 스며들어, 이제는 사용자의 의지마저 시험한다."
칼,시간,1,+1강 시간 깃든 칼,"시간의 힘이 칼에 깃든 단계로 스며들어, 이제는 사용자의 의지마저 시험한다."
칼,시간,2,+2강 시간 뒤얽힌 칼,"시간의 힘이 칼에 뒤얽힌 단계로 스며들어, 이제는 사용자의 의지마저 시험한다."
칼,시간,3,+3강 시간 잠식된 칼,"시간의 힘이 칼에 잠식 단계로 스며들어, 이제는 사용자의 의지마저 시험한다."
칼,시간,4,+4강 시간 삼켜진 칼,"시간의 힘이 칼에 삼켜진 단계로 스며들어, 이제는 사용자의 의지마저 시험한다."
칼,시간,5,+5강 시간 숨 쉬는 칼,"시간의 힘이 칼에 숨 쉬는 단계로 스며들어, 이제는 사용자의 의지마저 시험한다."
칼,시간,6,+6강 시간 속삭이는 칼,"시간의 힘이 칼에 속삭이는 단계로 스며들어, 이제는 사용자의 의지마저 시험한다."
칼,시간,7,+7강 시간 의지를 가진 칼,"시간의 힘이 칼에 의지를 가진 단계로 스며들어, 이제는 사용자의 의지마저 시험한다."
칼,시간,8,+8강 시간 시험하는 칼,"시간의 힘이 칼에 시험하는 단계로 스며들어, 이제는 사용자의 의지마저 시험한다."
칼,시간,9,+9강 시간 명령하는 칼,"시간의 힘이 칼에 명령하는 단계로 스며들어, 이제는 사용자의 의지마저 시험한다."
칼,시간,10,+10강 시간 주인이 된 칼,"시간의 힘이 칼에 주인이  단계로 스며들어, 이제는 사용자의 의지마저 시험한다."
칼,시간,11,+11강 시간 굴복시킨 칼,"시간의 힘이 칼에 굴복시킨 단계로 스며들어, 이제는 사용자의 의지마저 시험한다."
칼,시간,12,+12강 시간 피를 요구하는 칼,"시간의 힘이 칼에 피를 요구하는 단계로 스며들어, 이제는 사용자의 의지마저 시험한다."
칼,시간,13,+13강 시간 전장을 뒤덮는 칼,"시간의 힘이 칼에 전장을 뒤덮는 단계로 스며들어, 이제는 사용자의 의지마저 시험한다."
칼,시간,14,+14강 시간 영혼을 침식하는 칼,"시간의 힘이 칼에 영혼을 침식하는 단계로 스며들어, 이제는 사용자의 의지마저 시험한다."
칼,시간,15,+15강 시간 재앙이 된 칼,"시간의 힘이 칼에 재앙이  단계로 스며들어, 이제는 사용자의 의지마저 시험한다."
칼,시간,16,+16강 시간 세계에 뿌리내린 칼,"시간의 힘이 칼에 세계에 뿌리내린 단계로 스며들어, 이제는 사용자의 의지마저 시험한다."
칼,시간,17,+17강 시간 질서를 뒤흔드는 칼,"시간의 힘이 칼에 질서를 뒤흔드는 단계로 스며들어, 이제는 사용자의 의지마저 시험한다."
칼,시간,18,+18강 시간 세계를 삼키는 칼,"시간의 힘이 칼에 세계를 삼키는 단계로 스며들어, 이제는 사용자의 의지마저 시험한다."
칼,시간,19,+19강 시간 모든 것을 집어삼킨 칼,"시간의 힘이 칼에 모든 것을 집어삼킨 단계로 스며들어, 이제는 사용자의 의지마저 시험한다."
칼,시간,20,+20강 시간 그 자체가 된 칼,"시간의 힘이 칼에 그 자체가  단계로 스며들어, 이제는 사용자의 의지마저 시험한다."
칼,왕권,0,+0강 왕권 흔적만 남은 칼,"왕권의 힘이 칼에 흔적만 남은 단계로 스며들어, 이제는 사용자의 의지마저 시험한다."
칼,왕권,1,+1강 왕권 깃든 칼,"왕권의 힘이 칼에 깃든 단계로 스며들어, 이제는 사용자의 의지마저 시험한다."
칼,왕권,2,+2강 왕권 뒤얽힌 칼,"왕권의 힘이 칼에 뒤얽힌 단계로 스며들어, 이제는 사용자의 의지마저 시험한다."
칼,왕권,3,+3강 왕권 잠식된 칼,"왕권의 힘이 칼에 잠식 단계로 스며들어, 이제는 사용자의 의지마저 시험한다."
칼,왕권,4,+4강 왕권 삼켜진 칼,"왕권의 힘이 칼에 삼켜진 단계로 스며들어, 이제는 사용자의 의지마저 시험한다."
칼,왕권,5,+5강 왕권 숨 쉬는 칼,"왕권의 힘이 칼에 숨 쉬는 단계로 스며들어, 이제는 사용자의 의지마저 시험한다."
칼,왕권,6,+6강 왕권 속삭이는 칼,"왕권의 힘이 칼에 속삭이는 단계로 스며들어, 이제는 사용자의 의지마저 시험한다."
칼,왕권,7,+7강 왕권 의지를 가진 칼,"왕권의 힘이 칼에 의지를 가진 단계로 스며들어, 이제는 사용자의 의지마저 시험한다."
칼,왕권,8,+8강 왕권 시험하는 칼,"왕권의 힘이 칼에 시험하는 단계로 스며들어, 이제는 사용자의 의지마저 시험한다."
칼,왕권,9,+9강 왕권 명령하는 칼,"왕권의 힘이 칼에 명령하는 단계로 스며들어, 이제는 사용자의 의지마저 시험한다."
칼,왕권,10,+10강 왕권 주인이 된 칼,"왕권의 힘이 칼에 주인이  단계로 스며들어, 이제는 사용자의 의지마저 시험한다."
칼,왕권,11,+11강 왕권 굴복시킨 칼,"왕권의 힘이 칼에 굴복시킨 단계로 스며들어, 이제는 사용자의 의지마저 시험한다."
칼,왕권,12,+12강 왕권 피를 요구하는 칼,"왕권의 힘이 칼에 피를 요구하는 단계로 스며들어, 이제는 사용자의 의지마저 시험한다."
칼,왕권,13,+13강 왕권 전장을 뒤덮는 칼,"왕권의 힘이 칼에 전장을 뒤덮는 단계로 스며들어, 이제는 사용자의 의지마저 시험한다."
칼,왕권,14,+14강 왕권 영혼을 침식하는 칼,"왕권의 힘이 칼에 영혼을 침식하는 단계로 스며들어, 이제는 사용자의 의지마저 시험한다."
칼,왕권,15,+15강 왕권 재앙이 된 칼,"왕권의 힘이 칼에 재앙이  단계로 스며들어, 이제는 사용자의 의지마저 시험한다."
칼,왕권,16,+16강 왕권 세계에 뿌리내린 칼,"왕권의 힘이 칼에 세계에 뿌리내린 단계로 스며들어, 이제는 사용자의 의지마저 시험한다."
칼,왕권,17,+17강 왕권 질서를 뒤흔드는 칼,"왕권의 힘이 칼에 질서를 뒤흔드는 단계로 스며들어, 이제는 사용자의 의지마저 시험한다."
칼,왕권,18,+18강 왕권 세계를 삼키는 칼,"왕권의 힘이 칼에 세계를 삼키는 단계로 스며들어, 이제는 사용자의 의지마저 시험한다."
칼,왕권,19,+19강 왕권 모든 것을 집어삼킨 칼,"왕권의 힘이 칼에 모든 것을 집어삼킨 단계로 스며들어, 이제는 사용자의 의지마저 시험한다."
칼,왕권,20,+20강 왕권 그 자체가 된 칼,"왕권의 힘이 칼에 그 자체가  단계로 스며들어, 이제는 사용자의 의지마저 시험한다."
칼,광기,0,+0강 광기 흔적만 남은 칼,"광기의 힘이 칼에 흔적만 남은 단계로 스며들어, 이제는 사용자의 의지마저 시험한다."
칼,광기,1,+1강 광기 깃든 칼,"광기의 힘이 칼에 깃든 단계로 스며들어, 이제는 사용자의 의지마저 시험한다."
칼,광기,2,+2강 광기 뒤얽힌 칼,"광기의 힘이 칼에 뒤얽힌 단계로 스며들어, 이제는 사용자의 의지마저 시험한다."
칼,광기,3,+3강 광기 잠식된 칼,"광기의 힘이 칼에 잠식 단계로 스며들어, 이제는 사용자의 의지마저 시험한다."
칼,광기,4,+4강 광기 삼켜진 칼,"광기의 힘이 칼에 삼켜진 단계로 스며들어, 이제는 사용자의 의지마저 시험한다."
칼,광기,5,+5강 광기 숨 쉬는 칼,"광기의 힘이 칼에 숨 쉬는 단계로 스며들어, 이제는 사용자의 의지마저 시험한다."
칼,광기,6,+6강 광기 속삭이는 칼,"광기의 힘이 칼에 속삭이는 단계로 스며들어, 이제는 사용자의 의지마저 시험한다."
칼,광기,7,+7강 광기 의지를 가진 칼,"광기의 힘이 칼에 의지를 가진 단계로 스며들어, 이제는 사용자의 의지마저 시험한다."
칼,광기,8,+8강 광기 시험하는 칼,"광기의 힘이 칼에 시험하는 단계로 스며들어, 이제는 사용자의 의지마저 시험한다."
칼,광기,9,+9강 광기 명령하는 칼,"광기의 힘이 칼에 명령하는 단계로 스며들어, 이제는 사용자의 의지마저 시험한다."
칼,광기,10,+10강 광기 주인이 된 칼,"광기의 힘이 칼에 주인이  단계로 스며들어, 이제는 사용자의 의지마저 시험한다."
칼,광기,11,+11강 광기 굴복시킨 칼,"광기의 힘이 칼에 굴복시킨 단계로 스며들어, 이제는 사용자의 의지마저 시험한다."
칼,광기,12,+12강 광기 피를 요구하는 칼,"광기의 힘이 칼에 피를 요구하는 단계로 스며들어, 이제는 사용자의 의지마저 시험한다."
칼,광기,13,+13강 광기 전장을 뒤덮는 칼,"광기의 힘이 칼에 전장을 뒤덮는 단계로 스며들어, 이제는 사용자의 의지마저 시험한다."
칼,광기,14,+14강 광기 영혼을 침식하는 칼,"광기의 힘이 칼에 영혼을 침식하는 단계로 스며들어, 이제는 사용자의 의지마저 시험한다."
칼,광기,15,+15강 광기 재앙이 된 칼,"광기의 힘이 칼에 재앙이  단계로 스며들어, 이제는 사용자의 의지마저 시험한다."
칼,광기,16,+16강 광기 세계에 뿌리내린 칼,"광기의 힘이 칼에 세계에 뿌리내린 단계로 스며들어, 이제는 사용자의 의지마저 시험한다."
칼,광기,17,+17강 광기 질서를 뒤흔드는 칼,"광기의 힘이 칼에 질서를 뒤흔드는 단계로 스며들어, 이제는 사용자의 의지마저 시험한다."
칼,광기,18,+18강 광기 세계를 삼키는 칼,"광기의 힘이 칼에 세계를 삼키는 단계로 스며들어, 이제는 사용자의 의지마저 시험한다."
칼,광기,19,+19강 광기 모든 것을 집어삼킨 칼,"광기의 힘이 칼에 모든 것을 집어삼킨 단계로 스며들어, 이제는 사용자의 의지마저 시험한다."
칼,광기,20,+20강 광기 그 자체가 된 칼,"광기의 힘이 칼에 그 자체가  단계로 스며들어, 이제는 사용자의 의지마저 시험한다."
칼,성전,0,+0강 성전 흔적만 남은 칼,"성전의 힘이 칼에 흔적만 남은 단계로 스며들어, 이제는 사용자의 의지마저 시험한다."
칼,성전,1,+1강 성전 깃든 칼,"성전의 힘이 칼에 깃든 단계로 스며들어, 이제는 사용자의 의지마저 시험한다."
칼,성전,2,+2강 성전 뒤얽힌 칼,"성전의 힘이 칼에 뒤얽힌 단계로 스며들어, 이제는 사용자의 의지마저 시험한다."
칼,성전,3,+3강 성전 잠식된 칼,"성전의 힘이 칼에 잠식 단계로 스며들어, 이제는 사용자의 의지마저 시험한다."
칼,성전,4,+4강 성전 삼켜진 칼,"성전의 힘이 칼에 삼켜진 단계로 스며들어, 이제는 사용자의 의지마저 시험한다."
칼,성전,5,+5강 성전 숨 쉬는 칼,"성전의 힘이 칼에 숨 쉬는 단계로 스며들어, 이제는 사용자의 의지마저 시험한다."
칼,성전,6,+6강 성전 속삭이는 칼,"성전의 힘이 칼에 속삭이는 단계로 스며들어, 이제는 사용자의 의지마저 시험한다."
칼,성전,7,+7강 성전 의지를 가진 칼,"성전의 힘이 칼에 의지를 가진 단계로 스며들어, 이제는 사용자의 의지마저 시험한다."
칼,성전,8,+8강 성전 시험하는 칼,"성전의 힘이 칼에 시험하는 단계로 스며들어, 이제는 사용자의 의지마저 시험한다."
칼,성전,9,+9강 성전 명령하는 칼,"성전의 힘이 칼에 명령하는 단계로 스며들어, 이제는 사용자의 의지마저 시험한다."
칼,성전,10,+10강 성전 주인이 된 칼,"성전의 힘이 칼에 주인이  단계로 스며들어, 이제는 사용자의 의지마저 시험한다."
칼,성전,11,+11강 성전 굴복시킨 칼,"성전의 힘이 칼에 굴복시킨 단계로 스며들어, 이제는 사용자의 의지마저 시험한다."
칼,성전,12,+12강 성전 피를 요구하는 칼,"성전의 힘이 칼에 피를 요구하는 단계로 스며들어, 이제는 사용자의 의지마저 시험한다."
칼,성전,13,+13강 성전 전장을 뒤덮는 칼,"성전의 힘이 칼에 전장을 뒤덮는 단계로 스며들어, 이제는 사용자의 의지마저 시험한다."
칼,성전,14,+14강 성전 영혼을 침식하는 칼,"성전의 힘이 칼에 영혼을 침식하는 단계로 스며들어, 이제는 사용자의 의지마저 시험한다."
칼,성전,15,+15강 성전 재앙이 된 칼,"성전의 힘이 칼에 재앙이  단계로 스며들어, 이제는 사용자의 의지마저 시험한다."
칼,성전,16,+16강 성전 세계에 뿌리내린 칼,"성전의 힘이 칼에 세계에 뿌리내린 단계로 스며들어, 이제는 사용자의 의지마저 시험한다."
칼,성전,17,+17강 성전 질서를 뒤흔드는 칼,"성전의 힘이 칼에 질서를 뒤흔드는 단계로 스며들어, 이제는 사용자의 의지마저 시험한다."
칼,성전,18,+18강 성전 세계를 삼키는 칼,"성전의 힘이 칼에 세계를 삼키는 단계로 스며들어, 이제는 사용자의 의지마저 시험한다."
칼,성전,19,+19강 성전 모든 것을 집어삼킨 칼,"성전의 힘이 칼에 모든 것을 집어삼킨 단계로 스며들어, 이제는 사용자의 의지마저 시험한다."
칼,성전,20,+20강 성전 그 자체가 된 칼,"성전의 힘이 칼에 그 자체가  단계로 스며들어, 이제는 사용자의 의지마저 시험한다."
칼,배신,0,+0강 배신 흔적만 남은 칼,"배신의 힘이 칼에 흔적만 남은 단계로 스며들어, 이제는 사용자의 의지마저 시험한다."
칼,배신,1,+1강 배신 깃든 칼,"배신의 힘이 칼에 깃든 단계로 스며들어, 이제는 사용자의 의지마저 시험한다."
칼,배신,2,+2강 배신 뒤얽힌 칼,"배신의 힘이 칼에 뒤얽힌 단계로 스며들어, 이제는 사용자의 의지마저 시험한다."
칼,배신,3,+3강 배신 잠식된 칼,"배신의 힘이 칼에 잠식 단계로 스며들어, 이제는 사용자의 의지마저 시험한다."
칼,배신,4,+4강 배신 삼켜진 칼,"배신의 힘이 칼에 삼켜진 단계로 스며들어, 이제는 사용자의 의지마저 시험한다."
칼,배신,5,+5강 배신 숨 쉬는 칼,"배신의 힘이 칼에 숨 쉬는 단계로 스며들어, 이제는 사용자의 의지마저 시험한다."
칼,배신,6,+6강 배신 속삭이는 칼,"배신의 힘이 칼에 속삭이는 단계로 스며들어, 이제는 사용자의 의지마저 시험한다."
칼,배신,7,+7강 배신 의지를 가진 칼,"배신의 힘이 칼에 의지를 가진 단계로 스며들어, 이제는 사용자의 의지마저 시험한다."
칼,배신,8,+8강 배신 시험하는 칼,"배신의 힘이 칼에 시험하는 단계로 스며들어, 이제는 사용자의 의지마저 시험한다."
칼,배신,9,+9강 배신 명령하는 칼,"배신의 힘이 칼에 명령하는 단계로 스며들어, 이제는 사용자의 의지마저 시험한다."
칼,배신,10,+10강 배신 주인이 된 칼,"배신의 힘이 칼에 주인이  단계로 스며들어, 이제는 사용자의 의지마저 시험한다."
칼,배신,11,+11강 배신 굴복시킨 칼,"배신의 힘이 칼에 굴복시킨 단계로 스며들어, 이제는 사용자의 의지마저 시험한다."
칼,배신,12,+12강 배신 피를 요구하는 칼,"배신의 힘이 칼에 피를 요구하는 단계로 스며들어, 이제는 사용자의 의지마저 시험한다."
칼,배신,13,+13강 배신 전장을 뒤덮는 칼,"배신의 힘이 칼에 전장을 뒤덮는 단계로 스며들어, 이제는 사용자의 의지마저 시험한다."
칼,배신,14,+14강 배신 영혼을 침식하는 칼,"배신의 힘이 칼에 영혼을 침식하는 단계로 스며들어, 이제는 사용자의 의지마저 시험한다."
칼,배신,15,+15강 배신 재앙이 된 칼,"배신의 힘이 칼에 재앙이  단계로 스며들어, 이제는 사용자의 의지마저 시험한다."
칼,배신,16,+16강 배신 세계에 뿌리내린 칼,"배신의 힘이 칼에 세계에 뿌리내린 단계로 스며들어, 이제는 사용자의 의지마저 시험한다."
칼,배신,17,+17강 배신 질서를 뒤흔드는 칼,"배신의 힘이 칼에 질서를 뒤흔드는 단계로 스며들어, 이제는 사용자의 의지마저 시험한다."
칼,배신,18,+18강 배신 세계를 삼키는 칼,"배신의 힘이 칼에 세계를 삼키는 단계로 스며들어, 이제는 사용자의 의지마저 시험한다."
칼,배신,19,+19강 배신 모든 것을 집어삼킨 칼,"배신의 힘이 칼에 모든 것을 집어삼킨 단계로 스며들어, 이제는 사용자의 의지마저 시험한다."
칼,배신,20,+20강 배신 그 자체가 된 칼,"배신의 힘이 칼에 그 자체가  단계로 스며들어, 이제는 사용자의 의지마저 시험한다."
칼,절단,0,+0강 절단 흔적만 남은 칼,"절단의 힘이 칼에 흔적만 남은 단계로 스며들어, 이제는 사용자의 의지마저 시험한다."
칼,절단,1,+1강 절단 깃든 칼,"절단의 힘이 칼에 깃든 단계로 스며들어, 이제는 사용자의 의지마저 시험한다."
칼,절단,2,+2강 절단 뒤얽힌 칼,"절단의 힘이 칼에 뒤얽힌 단계로 스며들어, 이제는 사용자의 의지마저 시험한다."
칼,절단,3,+3강 절단 잠식된 칼,"절단의 힘이 칼에 잠식 단계로 스며들어, 이제는 사용자의 의지마저 시험한다."
칼,절단,4,+4강 절단 삼켜진 칼,"절단의 힘이 칼에 삼켜진 단계로 스며들어, 이제는 사용자의 의지마저 시험한다."
칼,절단,5,+5강 절단 숨 쉬는 칼,"절단의 힘이 칼에 숨 쉬는 단계로 스며들어, 이제는 사용자의 의지마저 시험한다."
칼,절단,6,+6강 절단 속삭이는 칼,"절단의 힘이 칼에 속삭이는 단계로 스며들어, 이제는 사용자의 의지마저 시험한다."
칼,절단,7,+7강 절단 의지를 가진 칼,"절단의 힘이 칼에 의지를 가진 단계로 스며들어, 이제는 사용자의 의지마저 시험한다."
칼,절단,8,+8강 절단 시험하는 칼,"절단의 힘이 칼에 시험하는 단계로 스며들어, 이제는 사용자의 의지마저 시험한다."
칼,절단,9,+9강 절단 명령하는 칼,"절단의 힘이 칼에 명령하는 단계로 스며들어, 이제는 사용자의 의지마저 시험한다."
칼,절단,10,+10강 절단 주인이 된 칼,"절단의 힘이 칼에 주인이  단계로 스며들어, 이제는 사용자의 의지마저 시험한다."
칼,절단,11,+11강 절단 굴복시킨 칼,"절단의 힘이 칼에 굴복시킨 단계로 스며들어, 이제는 사용자의 의지마저 시험한다."
칼,절단,12,+12강 절단 피를 요구하는 칼,"절단의 힘이 칼에 피를 요구하는 단계로 스며들어, 이제는 사용자의 의지마저 시험한다."
칼,절단,13,+13강 절단 전장을 뒤덮는 칼,"절단의 힘이 칼에 전장을 뒤덮는 단계로 스며들어, 이제는 사용자의 의지마저 시험한다."
칼,절단,14,+14강 절단 영혼을 침식하는 칼,"절단의 힘이 칼에 영혼을 침식하는 단계로 스며들어, 이제는 사용자의 의지마저 시험한다."
칼,절단,15,+15강 절단 재앙이 된 칼,"절단의 힘이 칼에 재앙이  단계로 스며들어, 이제는 사용자의 의지마저 시험한다."
칼,절단,16,+16강 절단 세계에 뿌리내린 칼,"절단의 힘이 칼에 세계에 뿌리내린 단계로 스며들어, 이제는 사용자의 의지마저 시험한다."
칼,절단,17,+17강 절단 질서를 뒤흔드는 칼,"절단의 힘이 칼에 질서를 뒤흔드는 단계로 스며들어, 이제는 사용자의 의지마저 시험한다."
칼,절단,18,+18강 절단 세계를 삼키는 칼,"절단의 힘이 칼에 세계를 삼키는 단계로 스며들어, 이제는 사용자의 의지마저 시험한다."
칼,절단,19,+19강 절단 모든 것을 집어삼킨 칼,"절단의 힘이 칼에 모든 것을 집어삼킨 단계로 스며들어, 이제는 사용자의 의지마저 시험한다."
칼,절단,20,+20강 절단 그 자체가 된 칼,"절단의 힘이 칼에 그 자체가  단계로 스며들어, 이제는 사용자의 의지마저 시험한다."
칼,종말,0,+0강 종말 흔적만 남은 칼,"종말의 힘이 칼에 흔적만 남은 단계로 스며들어, 이제는 사용자의 의지마저 시험한다."
칼,종말,1,+1강 종말 깃든 칼,"종말의 힘이 칼에 깃든 단계로 스며들어, 이제는 사용자의 의지마저 시험한다."
칼,종말,2,+2강 종말 뒤얽힌 칼,"종말의 힘이 칼에 뒤얽힌 단계로 스며들어, 이제는 사용자의 의지마저 시험한다."
칼,종말,3,+3강 종말 잠식된 칼,"종말의 힘이 칼에 잠식 단계로 스며들어, 이제는 사용자의 의지마저 시험한다."
칼,종말,4,+4강 종말 삼켜진 칼,"종말의 힘이 칼에 삼켜진 단계로 스며들어, 이제는 사용자의 의지마저 시험한다."
칼,종말,5,+5강 종말 숨 쉬는 칼,"종말의 힘이 칼에 숨 쉬는 단계로 스며들어, 이제는 사용자의 의지마저 시험한다."
칼,종말,6,+6강 종말 속삭이는 칼,"종말의 힘이 칼에 속삭이는 단계로 스며들어, 이제는 사용자의 의지마저 시험한다."
칼,종말,7,+7강 종말 의지를 가진 칼,"종말의 힘이 칼에 의지를 가진 단계로 스며들어, 이제는 사용자의 의지마저 시험한다."
칼,종말,8,+8강 종말 시험하는 칼,"종말의 힘이 칼에 시험하는 단계로 스며들어, 이제는 사용자의 의지마저 시험한다."
칼,종말,9,+9강 종말 명령하는 칼,"종말의 힘이 칼에 명령하는 단계로 스며들어, 이제는 사용자의 의지마저 시험한다."
칼,종말,10,+10강 종말 주인이 된 칼,"종말의 힘이 칼에 주인이  단계로 스며들어, 이제는 사용자의 의지마저 시험한다."
칼,종말,11,+11강 종말 굴복시킨 칼,"종말의 힘이 칼에 굴복시킨 단계로 스며들어, 이제는 사용자의 의지마저 시험한다."
칼,종말,12,+12강 종말 피를 요구하는 칼,"종말의 힘이 칼에 피를 요구하는 단계로 스며들어, 이제는 사용자의 의지마저 시험한다."
칼,종말,13,+13강 종말 전장을 뒤덮는 칼,"종말의 힘이 칼에 전장을 뒤덮는 단계로 스며들어, 이제는 사용자의 의지마저 시험한다."
칼,종말,14,+14강 종말 영혼을 침식하는 칼,"종말의 힘이 칼에 영혼을 침식하는 단계로 스며들어, 이제는 사용자의 의지마저 시험한다."
칼,종말,15,+15강 종말 재앙이 된 칼,"종말의 힘이 칼에 재앙이  단계로 스며들어, 이제는 사용자의 의지마저 시험한다."
칼,종말,16,+16강 종말 세계에 뿌리내린 칼,"종말의 힘이 칼에 세계에 뿌리내린 단계로 스며들어, 이제는 사용자의 의지마저 시험한다."
칼,종말,17,+17강 종말 질서를 뒤흔드는 칼,"종말의 힘이 칼에 질서를 뒤흔드는 단계로 스며들어, 이제는 사용자의 의지마저 시험한다."
칼,종말,18,+18강 종말 세계를 삼키는 칼,"종말의 힘이 칼에 세계를 삼키는 단계로 스며들어, 이제는 사용자의 의지마저 시험한다."
칼,종말,19,+19강 종말 모든 것을 집어삼킨 칼,"종말의 힘이 칼에 모든 것을 집어삼킨 단계로 스며들어, 이제는 사용자의 의지마저 시험한다."
칼,종말,20,+20강 종말 그 자체가 된 칼,"종말의 힘이 칼에 그 자체가  단계로 스며들어, 이제는 사용자의 의지마저 시험한다."
몽둥이,야만,0,+0강 야만 흔적만 남은 몽둥이,"야만의 힘이 몽둥이에 흔적만 남은 단계로 스며들어, 이제는 사용자의 의지마저 시험한다."
몽둥이,야만,1,+1강 야만 깃든 몽둥이,"야만의 힘이 몽둥이에 깃든 단계로 스며들어, 이제는 사용자의 의지마저 시험한다."
몽둥이,야만,2,+2강 야만 뒤얽힌 몽둥이,"야만의 힘이 몽둥이에 뒤얽힌 단계로 스며들어, 이제는 사용자의 의지마저 시험한다."
몽둥이,야만,3,+3강 야만 잠식된 몽둥이,"야만의 힘이 몽둥이에 잠식 단계로 스며들어, 이제는 사용자의 의지마저 시험한다."
몽둥이,야만,4,+4강 야만 삼켜진 몽둥이,"야만의 힘이 몽둥이에 삼켜진 단계로 스며들어, 이제는 사용자의 의지마저 시험한다."
몽둥이,야만,5,+5강 야만 숨 쉬는 몽둥이,"야만의 힘이 몽둥이에 숨 쉬는 단계로 스며들어, 이제는 사용자의 의지마저 시험한다."
몽둥이,야만,6,+6강 야만 속삭이는 몽둥이,"야만의 힘이 몽둥이에 속삭이는 단계로 스며들어, 이제는 사용자의 의지마저 시험한다."
몽둥이,야만,7,+7강 야만 의지를 가진 몽둥이,"야만의 힘이 몽둥이에 의지를 가진 단계로 스며들어, 이제는 사용자의 의지마저 시험한다."
몽둥이,야만,8,+8강 야만 시험하는 몽둥이,"야만의 힘이 몽둥이에 시험하는 단계로 스며들어, 이제는 사용자의 의지마저 시험한다."
몽둥이,야만,9,+9강 야만 명령하는 몽둥이,"야만의 힘이 몽둥이에 명령하는 단계로 스며들어, 이제는 사용자의 의지마저 시험한다."
몽둥이,야만,10,+10강 야만 주인이 된 몽둥이,"야만의 힘이 몽둥이에 주인이  단계로 스며들어, 이제는 사용자의 의지마저 시험한다."
몽둥이,야만,11,+11강 야만 굴복시킨 몽둥이,"야만의 힘이 몽둥이에 굴복시킨 단계로 스며들어, 이제는 사용자의 의지마저 시험한다."
몽둥이,야만,12,+12강 야만 피를 요구하는 몽둥이,"야만의 힘이 몽둥이에 피를 요구하는 단계로 스며들어, 이제는 사용자의 의지마저 시험한다."
몽둥이,야만,13,+13강 야만 전장을 뒤덮는 몽둥이,"야만의 힘이 몽둥이에 전장을 뒤덮는 단계로 스며들어, 이제는 사용자의 의지마저 시험한다."
몽둥이,야만,14,+14강 야만 영혼을 침식하는 몽둥이,"야만의 힘이 몽둥이에 영혼을 침식하는 단계로 스며들어, 이제는 사용자의 의지마저 시험한다."
몽둥이,야만,15,+15강 야만 재앙이 된 몽둥이,"야만의 힘이 몽둥이에 재앙이  단계로 스며들어, 이제는 사용자의 의지마저 시험한다."
몽둥이,야만,16,+16강 야만 세계에 뿌리내린 몽둥이,"야만의 힘이 몽둥이에 세계에 뿌리내린 단계로 스며들어, 이제는 사용자의 의지마저 시험한다."
몽둥이,야만,17,+17강 야만 질서를 뒤흔드는 몽둥이,"야만의 힘이 몽둥이에 질서를 뒤흔드는 단계로 스며들어, 이제는 사용자의 의지마저 시험한다."
몽둥이,야만,18,+18강 야만 세계를 삼키는 몽둥이,"야만의 힘이 몽둥이에 세계를 삼키는 단계로 스며들어, 이제는 사용자의 의지마저 시험한다."
몽둥이,야만,19,+19강 야만 모든 것을 집어삼킨 몽둥이,"야만의 힘이 몽둥이에 모든 것을 집어삼킨 단계로 스며들어, 이제는 사용자의 의지마저 시험한다."
몽둥이,야만,20,+20강 야만 그 자체가 된 몽둥이,"야만의 힘이 몽둥이에 그 자체가  단계로 스며들어, 이제는 사용자의 의지마저 시험한다."
몽둥이,뼈,0,+0강 뼈 흔적만 남은 몽둥이,"뼈의 힘이 몽둥이에 흔적만 남은 단계로 스며들어, 이제는 사용자의 의지마저 시험한다."
몽둥이,뼈,1,+1강 뼈 깃든 몽둥이,"뼈의 힘이 몽둥이에 깃든 단계로 스며들어, 이제는 사용자의 의지마저 시험한다."
몽둥이,뼈,2,+2강 뼈 뒤얽힌 몽둥이,"뼈의 힘이 몽둥이에 뒤얽힌 단계로 스며들어, 이제는 사용자의 의지마저 시험한다."
몽둥이,뼈,3,+3강 뼈 잠식된 몽둥이,"뼈의 힘이 몽둥이에 잠식 단계로 스며들어, 이제는 사용자의 의지마저 시험한다."
몽둥이,뼈,4,+4강 뼈 삼켜진 몽둥이,"뼈의 힘이 몽둥이에 삼켜진 단계로 스며들어, 이제는 사용자의 의지마저 시험한다."
몽둥이,뼈,5,+5강 뼈 숨 쉬는 몽둥이,"뼈의 힘이 몽둥이에 숨 쉬는 단계로 스며들어, 이제는 사용자의 의지마저 시험한다."
몽둥이,뼈,6,+6강 뼈 속삭이는 몽둥이,"뼈의 힘이 몽둥이에 속삭이는 단계로 스며들어, 이제는 사용자의 의지마저 시험한다."
몽둥이,뼈,7,+7강 뼈 의지를 가진 몽둥이,"뼈의 힘이 몽둥이에 의지를 가진 단계로 스며들어, 이제는 사용자의 의지마저 시험한다."
몽둥이,뼈,8,+8강 뼈 시험하는 몽둥이,"뼈의 힘이 몽둥이에 시험하는 단계로 스며들어, 이제는 사용자의 의지마저 시험한다."
몽둥이,뼈,9,+9강 뼈 명령하는 몽둥이,"뼈의 힘이 몽둥이에 명령하는 단계로 스며들어, 이제는 사용자의 의지마저 시험한다."
몽둥이,뼈,10,+10강 뼈 주인이 된 몽둥이,"뼈의 힘이 몽둥이에 주인이  단계로 스며들어, 이제는 사용자의 의지마저 시험한다."
몽둥이,뼈,11,+11강 뼈 굴복시킨 몽둥이,"뼈의 힘이 몽둥이에 굴복시킨 단계로 스며들어, 이제는 사용자의 의지마저 시험한다."
몽둥이,뼈,12,+12강 뼈 피를 요구하는 몽둥이,"뼈의 힘이 몽둥이에 피를 요구하는 단계로 스며들어, 이제는 사용자의 의지마저 시험한다."
몽둥이,뼈,13,+13강 뼈 전장을 뒤덮는 몽둥이,"뼈의 힘이 몽둥이에 전장을 뒤덮는 단계로 스며들어, 이제는 사용자의 의지마저 시험한다."
몽둥이,뼈,14,+14강 뼈 영혼을 침식하는 몽둥이,"뼈의 힘이 몽둥이에 영혼을 침식하는 단계로 스며들어, 이제는 사용자의 의지마저 시험한다."
몽둥이,뼈,15,+15강 뼈 재앙이 된 몽둥이,"뼈의 힘이 몽둥이에 재앙이  단계로 스며들어, 이제는 사용자의 의지마저 시험한다."
몽둥이,뼈,16,+16강 뼈 세계에 뿌리내린 몽둥이,"뼈의 힘이 몽둥이에 세계에 뿌리내린 단계로 스며들어, 이제는 사용자의 의지마저 시험한다."
몽둥이,뼈,17,+17강 뼈 질서를 뒤흔드는 몽둥이,"뼈의 힘이 몽둥이에 질서를 뒤흔드는 단계로 스며들어, 이제는 사용자의 의지마저 시험한다."
몽둥이,뼈,18,+18강 뼈 세계를 삼키는 몽둥이,"뼈의 힘이 몽둥이에 세계를 삼키는 단계로 스며들어, 이제는 사용자의 의지마저 시험한다."
몽둥이,뼈,19,+19강 뼈 모든 것을 집어삼킨 몽둥이,"뼈의 힘이 몽둥이에 모든 것을 집어삼킨 단계로 스며들어, 이제는 사용자의 의지마저 시험한다."
몽둥이,뼈,20,+20강 뼈 그 자체가 된 몽둥이,"뼈의 힘이 몽둥이에 그 자체가  단계로 스며들어, 이제는 사용자의 의지마저 시험한다."
몽둥이,대지,0,+0강 대지 흔적만 남은 몽둥이,"대지의 힘이 몽둥이에 흔적만 남은 단계로 스며들어, 이제는 사용자의 의지마저 시험한다."
몽둥이,대지,1,+1강 대지 깃든 몽둥이,"대지의 힘이 몽둥이에 깃든 단계로 스며들어, 이제는 사용자의 의지마저 시험한다."
몽둥이,대지,2,+2강 대지 뒤얽힌 몽둥이,"대지의 힘이 몽둥이에 뒤얽힌 단계로 스며들어, 이제는 사용자의 의지마저 시험한다."
몽둥이,대지,3,+3강 대지 잠식된 몽둥이,"대지의 힘이 몽둥이에 잠식 단계로 스며들어, 이제는 사용자의 의지마저 시험한다."
몽둥이,대지,4,+4강 대지 삼켜진 몽둥이,"대지의 힘이 몽둥이에 삼켜진 단계로 스며들어, 이제는 사용자의 의지마저 시험한다."
몽둥이,대지,5,+5강 대지 숨 쉬는 몽둥이,"대지의 힘이 몽둥이에 숨 쉬는 단계로 스며들어, 이제는 사용자의 의지마저 시험한다."
몽둥이,대지,6,+6강 대지 속삭이는 몽둥이,"대지의 힘이 몽둥이에 속삭이는 단계로 스며들어, 이제는 사용자의 의지마저 시험한다."
몽둥이,대지,7,+7강 대지 의지를 가진 몽둥이,"대지의 힘이 몽둥이에 의지를 가진 단계로 스며들어, 이제는 사용자의 의지마저 시험한다."
몽둥이,대지,8,+8강 대지 시험하는 몽둥이,"대지의 힘이 몽둥이에 시험하는 단계로 스며들어, 이제는 사용자의 의지마저 시험한다."
몽둥이,대지,9,+9강 대지 명령하는 몽둥이,"대지의 힘이 몽둥이에 명령하는 단계로 스며들어, 이제는 사용자의 의지마저 시험한다."
몽둥이,대지,10,+10강 대지 주인이 된 몽둥이,"대지의 힘이 몽둥이에 주인이  단계로 스며들어, 이제는 사용자의 의지마저 시험한다."
몽둥이,대지,11,+11강 대지 굴복시킨 몽둥이,"대지의 힘이 몽둥이에 굴복시킨 단계로 스며들어, 이제는 사용자의 의지마저 시험한다."
몽둥이,대지,12,+12강 대지 피를 요구하는 몽둥이,"대지의 힘이 몽둥이에 피를 요구하는 단계로 스며들어, 이제는 사용자의 의지마저 시험한다."
몽둥이,대지,13,+13강 대지 전장을 뒤덮는 몽둥이,"대지의 힘이 몽둥이에 전장을 뒤덮는 단계로 스며들어, 이제는 사용자의 의지마저 시험한다."
몽둥이,대지,14,+14강 대지 영혼을 침식하는 몽둥이,"대지의 힘이 몽둥이에 영혼을 침식하는 단계로 스며들어, 이제는 사용자의 의지마저 시험한다."
몽둥이,대지,15,+15강 대지 재앙이 된 몽둥이,"대지의 힘이 몽둥이에 재앙이  단계로 스며들어, 이제는 사용자의 의지마저 시험한다."
몽둥이,대지,16,+16강 대지 세계에 뿌리내린 몽둥이,"대지의 힘이 몽둥이에 세계에 뿌리내린 단계로 스며들어, 이제는 사용자의 의지마저 시험한다."
몽둥이,대지,17,+17강 대지 질서를 뒤흔드는 몽둥이,"대지의 힘이 몽둥이에 질서를 뒤흔드는 단계로 스며들어, 이제는 사용자의 의지마저 시험한다."
몽둥이,대지,18,+18강 대지 세계를 삼키는 몽둥이,"대지의 힘이 몽둥이에 세계를 삼키는 단계로 스며들어, 이제는 사용자의 의지마저 시험한다."
몽둥이,대지,19,+19강 대지 모든 것을 집어삼킨 몽둥이,"대지의 힘이 몽둥이에 모든 것을 집어삼킨 단계로 스며들어, 이제는 사용자의 의지마저 시험한다."
몽둥이,대지,20,+20강 대지 그 자체가 된 몽둥이,"대지의 힘이 몽둥이에 그 자체가  단계로 스며들어, 이제는 사용자의 의지마저 시험한다."
몽둥이,분노,0,+0강 분노 흔적만 남은 몽둥이,"분노의 힘이 몽둥이에 흔적만 남은 단계로 스며들어, 이제는 사용자의 의지마저 시험한다."
몽둥이,분노,1,+1강 분노 깃든 몽둥이,"분노의 힘이 몽둥이에 깃든 단계로 스며들어, 이제는 사용자의 의지마저 시험한다."
몽둥이,분노,2,+2강 분노 뒤얽힌 몽둥이,"분노의 힘이 몽둥이에 뒤얽힌 단계로 스며들어, 이제는 사용자의 의지마저 시험한다."
몽둥이,분노,3,+3강 분노 잠식된 몽둥이,"분노의 힘이 몽둥이에 잠식 단계로 스며들어, 이제는 사용자의 의지마저 시험한다."
몽둥이,분노,4,+4강 분노 삼켜진 몽둥이,"분노의 힘이 몽둥이에 삼켜진 단계로 스며들어, 이제는 사용자의 의지마저 시험한다."
몽둥이,분노,5,+5강 분노 숨 쉬는 몽둥이,"분노의 힘이 몽둥이에 숨 쉬는 단계로 스며들어, 이제는 사용자의 의지마저 시험한다."
몽둥이,분노,6,+6강 분노 속삭이는 몽둥이,"분노의 힘이 몽둥이에 속삭이는 단계로 스며들어, 이제는 사용자의 의지마저 시험한다."
몽둥이,분노,7,+7강 분노 의지를 가진 몽둥이,"분노의 힘이 몽둥이에 의지를 가진 단계로 스며들어, 이제는 사용자의 의지마저 시험한다."
몽둥이,분노,8,+8강 분노 시험하는 몽둥이,"분노의 힘이 몽둥이에 시험하는 단계로 스며들어, 이제는 사용자의 의지마저 시험한다."
몽둥이,분노,9,+9강 분노 명령하는 몽둥이,"분노의 힘이 몽둥이에 명령하는 단계로 스며들어, 이제는 사용자의 의지마저 시험한다."
몽둥이,분노,10,+10강 분노 주인이 된 몽둥이,"분노의 힘이 몽둥이에 주인이  단계로 스며들어, 이제는 사용자의 의지마저 시험한다."
몽둥이,분노,11,+11강 분노 굴복시킨 몽둥이,"분노의 힘이 몽둥이에 굴복시킨 단계로 스며들어, 이제는 사용자의 의지마저 시험한다."
몽둥이,분노,12,+12강 분노 피를 요구하는 몽둥이,"분노의 힘이 몽둥이에 피를 요구하는 단계로 스며들어, 이제는 사용자의 의지마저 시험한다."
몽둥이,분노,13,+13강 분노 전장을 뒤덮는 몽둥이,"분노의 힘이 몽둥이에 전장을 뒤덮는 단계로 스며들어, 이제는 사용자의 의지마저 시험한다."
몽둥이,분노,14,+14강 분노 영혼을 침식하는 몽둥이,"분노의 힘이 몽둥이에 영혼을 침식하는 단계로 스며들어, 이제는 사용자의 의지마저 시험한다."
몽둥이,분노,15,+15강 분노 재앙이 된 몽둥이,"분노의 힘이 몽둥이에 재앙이  단계로 스며들어, 이제는 사용자의 의지마저 시험한다."
몽둥이,분노,16,+16강 분노 세계에 뿌리내린 몽둥이,"분노의 힘이 몽둥이에 세계에 뿌리내린 단계로 스며들어, 이제는 사용자의 의지마저 시험한다."
몽둥이,분노,17,+17강 분노 질서를 뒤흔드는 몽둥이,"분노의 힘이 몽둥이에 질서를 뒤흔드는 단계로 스며들어, 이제는 사용자의 의지마저 시험한다."
몽둥이,분노,18,+18강 분노 세계를 삼키는 몽둥이,"분노의 힘이 몽둥이에 세계를 삼키는 단계로 스며들어, 이제는 사용자의 의지마저 시험한다."
몽둥이,분노,19,+19강 분노 모든 것을 집어삼킨 몽둥이,"분노의 힘이 몽둥이에 모든 것을 집어삼킨 단계로 스며들어, 이제는 사용자의 의지마저 시험한다."
몽둥이,분노,20,+20강 분노 그 자체가 된 몽둥이,"분노의 힘이 몽둥이에 그 자체가  단계로 스며들어, 이제는 사용자의 의지마저 시험한다."
몽둥이,파괴,0,+0강 파괴 흔적만 남은 몽둥이,"파괴의 힘이 몽둥이에 흔적만 남은 단계로 스며들어, 이제는 사용자의 의지마저 시험한다."
몽둥이,파괴,1,+1강 파괴 깃든 몽둥이,"파괴의 힘이 몽둥이에 깃든 단계로 스며들어, 이제는 사용자의 의지마저 시험한다."
몽둥이,파괴,2,+2강 파괴 뒤얽힌 몽둥이,"파괴의 힘이 몽둥이에 뒤얽힌 단계로 스며들어, 이제는 사용자의 의지마저 시험한다."
몽둥이,파괴,3,+3강 파괴 잠식된 몽둥이,"파괴의 힘이 몽둥이에 잠식 단계로 스며들어, 이제는 사용자의 의지마저 시험한다."
몽둥이,파괴,4,+4강 파괴 삼켜진 몽둥이,"파괴의 힘이 몽둥이에 삼켜진 단계로 스며들어, 이제는 사용자의 의지마저 시험한다."
몽둥이,파괴,5,+5강 파괴 숨 쉬는 몽둥이,"파괴의 힘이 몽둥이에 숨 쉬는 단계로 스며들어, 이제는 사용자의 의지마저 시험한다."
몽둥이,파괴,6,+6강 파괴 속삭이는 몽둥이,"파괴의 힘이 몽둥이에 속삭이는 단계로 스며들어, 이제는 사용자의 의지마저 시험한다."
몽둥이,파괴,7,+7강 파괴 의지를 가진 몽둥이,"파괴의 힘이 몽둥이에 의지를 가진 단계로 스며들어, 이제는 사용자의 의지마저 시험한다."
몽둥이,파괴,8,+8강 파괴 시험하는 몽둥이,"파괴의 힘이 몽둥이에 시험하는 단계로 스며들어, 이제는 사용자의 의지마저 시험한다."
몽둥이,파괴,9,+9강 파괴 명령하는 몽둥이,"파괴의 힘이 몽둥이에 명령하는 단계로 스며들어, 이제는 사용자의 의지마저 시험한다."
몽둥이,파괴,10,+10강 파괴 주인이 된 몽둥이,"파괴의 힘이 몽둥이에 주인이  단계로 스며들어, 이제는 사용자의 의지마저 시험한다."
몽둥이,파괴,11,+11강 파괴 굴복시킨 몽둥이,"파괴의 힘이 몽둥이에 굴복시킨 단계로 스며들어, 이제는 사용자의 의지마저 시험한다."
몽둥이,파괴,12,+12강 파괴 피를 요구하는 몽둥이,"파괴의 힘이 몽둥이에 피를 요구하는 단계로 스며들어, 이제는 사용자의 의지마저 시험한다."
몽둥이,파괴,13,+13강 파괴 전장을 뒤덮는 몽둥이,"파괴의 힘이 몽둥이에 전장을 뒤덮는 단계로 스며들어, 이제는 사용자의 의지마저 시험한다."
몽둥이,파괴,14,+14강 파괴 영혼을 침식하는 몽둥이,"파괴의 힘이 몽둥이에 영혼을 침식하는 단계로 스며들어, 이제는 사용자의 의지마저 시험한다."
몽둥이,파괴,15,+15강 파괴 재앙이 된 몽둥이,"파괴의 힘이 몽둥이에 재앙이  단계로 스며들어, 이제는 사용자의 의지마저 시험한다."
몽둥이,파괴,16,+16강 파괴 세계에 뿌리내린 몽둥이,"파괴의 힘이 몽둥이에 세계에 뿌리내린 단계로 스며들어, 이제는 사용자의 의지마저 시험한다."
몽둥이,파괴,17,+17강 파괴 질서를 뒤흔드는 몽둥이,"파괴의 힘이 몽둥이에 질서를 뒤흔드는 단계로 스며들어, 이제는 사용자의 의지마저 시험한다."
몽둥이,파괴,18,+18강 파괴 세계를 삼키는 몽둥이,"파괴의 힘이 몽둥이에 세계를 삼키는 단계로 스며들어, 이제는 사용자의 의지마저 시험한다."
몽둥이,파괴,19,+19강 파괴 모든 것을 집어삼킨 몽둥이,"파괴의 힘이 몽둥이에 모든 것을 집어삼킨 단계로 스며들어, 이제는 사용자의 의지마저 시험한다."
몽둥이,파괴,20,+20강 파괴 그 자체가 된 몽둥이,"파괴의 힘이 몽둥이에 그 자체가  단계로 스며들어, 이제는 사용자의 의지마저 시험한다."
몽둥이,굶주림,0,+0강 굶주림 흔적만 남은 몽둥이,"굶주림의 힘이 몽둥이에 흔적만 남은 단계로 스며들어, 이제는 사용자의 의지마저 시험한다."
몽둥이,굶주림,1,+1강 굶주림 깃든 몽둥이,"굶주림의 힘이 몽둥이에 깃든 단계로 스며들어, 이제는 사용자의 의지마저 시험한다."
몽둥이,굶주림,2,+2강 굶주림 뒤얽힌 몽둥이,"굶주림의 힘이 몽둥이에 뒤얽힌 단계로 스며들어, 이제는 사용자의 의지마저 시험한다."
몽둥이,굶주림,3,+3강 굶주림 잠식된 몽둥이,"굶주림의 힘이 몽둥이에 잠식 단계로 스며들어, 이제는 사용자의 의지마저 시험한다."
몽둥이,굶주림,4,+4강 굶주림 삼켜진 몽둥이,"굶주림의 힘이 몽둥이에 삼켜진 단계로 스며들어, 이제는 사용자의 의지마저 시험한다."
몽둥이,굶주림,5,+5강 굶주림 숨 쉬는 몽둥이,"굶주림의 힘이 몽둥이에 숨 쉬는 단계로 스며들어, 이제는 사용자의 의지마저 시험한다."
몽둥이,굶주림,6,+6강 굶주림 속삭이는 몽둥이,"굶주림의 힘이 몽둥이에 속삭이는 단계로 스며들어, 이제는 사용자의 의지마저 시험한다."
몽둥이,굶주림,7,+7강 굶주림 의지를 가진 몽둥이,"굶주림의 힘이 몽둥이에 의지를 가진 단계로 스며들어, 이제는 사용자의 의지마저 시험한다."
몽둥이,굶주림,8,+8강 굶주림 시험하는 몽둥이,"굶주림의 힘이 몽둥이에 시험하는 단계로 스며들어, 이제는 사용자의 의지마저 시험한다."
몽둥이,굶주림,9,+9강 굶주림 명령하는 몽둥이,"굶주림의 힘이 몽둥이에 명령하는 단계로 스며들어, 이제는 사용자의 의지마저 시험한다."
몽둥이,굶주림,10,+10강 굶주림 주인이 된 몽둥이,"굶주림의 힘이 몽둥이에 주인이  단계로 스며들어, 이제는 사용자의 의지마저 시험한다."
몽둥이,굶주림,11,+11강 굶주림 굴복시킨 몽둥이,"굶주림의 힘이 몽둥이에 굴복시킨 단계로 스며들어, 이제는 사용자의 의지마저 시험한다."
몽둥이,굶주림,12,+12강 굶주림 피를 요구하는 몽둥이,"굶주림의 힘이 몽둥이에 피를 요구하는 단계로 스며들어, 이제는 사용자의 의지마저 시험한다."
몽둥이,굶주림,13,+13강 굶주림 전장을 뒤덮는 몽둥이,"굶주림의 힘이 몽둥이에 전장을 뒤덮는 단계로 스며들어, 이제는 사용자의 의지마저 시험한다."
몽둥이,굶주림,14,+14강 굶주림 영혼을 침식하는 몽둥이,"굶주림의 힘이 몽둥이에 영혼을 침식하는 단계로 스며들어, 이제는 사용자의 의지마저 시험한다."
몽둥이,굶주림,15,+15강 굶주림 재앙이 된 몽둥이,"굶주림의 힘이 몽둥이에 재앙이  단계로 스며들어, 이제는 사용자의 의지마저 시험한다."
몽둥이,굶주림,16,+16강 굶주림 세계에 뿌리내린 몽둥이,"굶주림의 힘이 몽둥이에 세계에 뿌리내린 단계로 스며들어, 이제는 사용자의 의지마저 시험한다."
몽둥이,굶주림,17,+17강 굶주림 질서를 뒤흔드는 몽둥이,"굶주림의 힘이 몽둥이에 질서를 뒤흔드는 단계로 스며들어, 이제는 사용자의 의지마저 시험한다."
몽둥이,굶주림,18,+18강 굶주림 세계를 삼키는 몽둥이,"굶주림의 힘이 몽둥이에 세계를 삼키는 단계로 스며들어, 이제는 사용자의 의지마저 시험한다."
몽둥이,굶주림,19,+19강 굶주림 모든 것을 집어삼킨 몽둥이,"굶주림의 힘이 몽둥이에 모든 것을 집어삼킨 단계로 스며들어, 이제는 사용자의 의지마저 시험한다."
몽둥이,굶주림,20,+20강 굶주림 그 자체가 된 몽둥이,"굶주림의 힘이 몽둥이에 그 자체가  단계로 스며들어, 이제는 사용자의 의지마저 시험한다."
몽둥이,원시,0,+0강 원시 흔적만 남은 몽둥이,"원시의 힘이 몽둥이에 흔적만 남은 단계로 스며들어, 이제는 사용자의 의지마저 시험한다."
몽둥이,원시,1,+1강 원시 깃든 몽둥이,"원시의 힘이 몽둥이에 깃든 단계로 스며들어, 이제는 사용자의 의지마저 시험한다."
몽둥이,원시,2,+2강 원시 뒤얽힌 몽둥이,"원시의 힘이 몽둥이에 뒤얽힌 단계로 스며들어, 이제는 사용자의 의지마저 시험한다."
몽둥이,원시,3,+3강 원시 잠식된 몽둥이,"원시의 힘이 몽둥이에 잠식 단계로 스며들어, 이제는 사용자의 의지마저 시험한다."
몽둥이,원시,4,+4강 원시 삼켜진 몽둥이,"원시의 힘이 몽둥이에 삼켜진 단계로 스며들어, 이제는 사용자의 의지마저 시험한다."
몽둥이,원시,5,+5강 원시 숨 쉬는 몽둥이,"원시의 힘이 몽둥이에 숨 쉬는 단계로 스며들어, 이제는 사용자의 의지마저 시험한다."
몽둥이,원시,6,+6강 원시 속삭이는 몽둥이,"원시의 힘이 몽둥이에 속삭이는 단계로 스며들어, 이제는 사용자의 의지마저 시험한다."
몽둥이,원시,7,+7강 원시 의지를 가진 몽둥이,"원시의 힘이 몽둥이에 의지를 가진 단계로 스며들어, 이제는 사용자의 의지마저 시험한다."
몽둥이,원시,8,+8강 원시 시험하는 몽둥이,"원시의 힘이 몽둥이에 시험하는 단계로 스며들어, 이제는 사용자의 의지마저 시험한다."
몽둥이,원시,9,+9강 원시 명령하는 몽둥이,"원시의 힘이 몽둥이에 명령하는 단계로 스며들어, 이제는 사용자의 의지마저 시험한다."
몽둥이,원시,10,+10강 원시 주인이 된 몽둥이,"원시의 힘이 몽둥이에 주인이  단계로 스며들어, 이제는 사용자의 의지마저 시험한다."
몽둥이,원시,11,+11강 원시 굴복시킨 몽둥이,"원시의 힘이 몽둥이에 굴복시킨 단계로 스며들어, 이제는 사용자의 의지마저 시험한다."
몽둥이,원시,12,+12강 원시 피를 요구하는 몽둥이,"원시의 힘이 몽둥이에 피를 요구하는 단계로 스며들어, 이제는 사용자의 의지마저 시험한다."
몽둥이,원시,13,+13강 원시 전장을 뒤덮는 몽둥이,"원시의 힘이 몽둥이에 전장을 뒤덮는 단계로 스며들어, 이제는 사용자의 의지마저 시험한다."
몽둥이,원시,14,+14강 원시 영혼을 침식하는 몽둥이,"원시의 힘이 몽둥이에 영혼을 침식하는 단계로 스며들어, 이제는 사용자의 의지마저 시험한다."
몽둥이,원시,15,+15강 원시 재앙이 된 몽둥이,"원시의 힘이 몽둥이에 재앙이  단계로 스며들어, 이제는 사용자의 의지마저 시험한다."
몽둥이,원시,16,+16강 원시 세계에 뿌리내린 몽둥이,"원시의 힘이 몽둥이에 세계에 뿌리내린 단계로 스며들어, 이제는 사용자의 의지마저 시험한다."
몽둥이,원시,17,+17강 원시 질서를 뒤흔드는 몽둥이,"원시의 힘이 몽둥이에 질서를 뒤흔드는 단계로 스며들어, 이제는 사용자의 의지마저 시험한다."
몽둥이,원시,18,+18강 원시 세계를 삼키는 몽둥이,"원시의 힘이 몽둥이에 세계를 삼키는 단계로 스며들어, 이제는 사용자의 의지마저 시험한다."
몽둥이,원시,19,+19강 원시 모든 것을 집어삼킨 몽둥이,"원시의 힘이 몽둥이에 모든 것을 집어삼킨 단계로 스며들어, 이제는 사용자의 의지마저 시험한다."
몽둥이,원시,20,+20강 원시 그 자체가 된 몽둥이,"원시의 힘이 몽둥이에 그 자체가  단계로 스며들어, 이제는 사용자의 의지마저 시험한다."
몽둥이,압살,0,+0강 압살 흔적만 남은 몽둥이,"압살의 힘이 몽둥이에 흔적만 남은 단계로 스며들어, 이제는 사용자의 의지마저 시험한다."
몽둥이,압살,1,+1강 압살 깃든 몽둥이,"압살의 힘이 몽둥이에 깃든 단계로 스며들어, 이제는 사용자의 의지마저 시험한다."
몽둥이,압살,2,+2강 압살 뒤얽힌 몽둥이,"압살의 힘이 몽둥이에 뒤얽힌 단계로 스며들어, 이제는 사용자의 의지마저 시험한다."
몽둥이,압살,3,+3강 압살 잠식된 몽둥이,"압살의 힘이 몽둥이에 잠식 단계로 스며들어, 이제는 사용자의 의지마저 시험한다."
몽둥이,압살,4,+4강 압살 삼켜진 몽둥이,"압살의 힘이 몽둥이에 삼켜진 단계로 스며들어, 이제는 사용자의 의지마저 시험한다."
몽둥이,압살,5,+5강 압살 숨 쉬는 몽둥이,"압살의 힘이 몽둥이에 숨 쉬는 단계로 스며들어, 이제는 사용자의 의지마저 시험한다."
몽둥이,압살,6,+6강 압살 속삭이는 몽둥이,"압살의 힘이 몽둥이에 속삭이는 단계로 스며들어, 이제는 사용자의 의지마저 시험한다."
몽둥이,압살,7,+7강 압살 의지를 가진 몽둥이,"압살의 힘이 몽둥이에 의지를 가진 단계로 스며들어, 이제는 사용자의 의지마저 시험한다."
몽둥이,압살,8,+8강 압살 시험하는 몽둥이,"압살의 힘이 몽둥이에 시험하는 단계로 스며들어, 이제는 사용자의 의지마저 시험한다."
몽둥이,압살,9,+9강 압살 명령하는 몽둥이,"압살의 힘이 몽둥이에 명령하는 단계로 스며들어, 이제는 사용자의 의지마저 시험한다."
몽둥이,압살,10,+10강 압살 주인이 된 몽둥이,"압살의 힘이 몽둥이에 주인이  단계로 스며들어, 이제는 사용자의 의지마저 시험한다."
몽둥이,압살,11,+11강 압살 굴복시킨 몽둥이,"압살의 힘이 몽둥이에 굴복시킨 단계로 스며들어, 이제는 사용자의 의지마저 시험한다."
몽둥이,압살,12,+12강 압살 피를 요구하는 몽둥이,"압살의 힘이 몽둥이에 피를 요구하는 단계로 스며들어, 이제는 사용자의 의지마저 시험한다."
몽둥이,압살,13,+13강 압살 전장을 뒤덮는 몽둥이,"압살의 힘이 몽둥이에 전장을 뒤덮는 단계로 스며들어, 이제는 사용자의 의지마저 시험한다."
몽둥이,압살,14,+14강 압살 영혼을 침식하는 몽둥이,"압살의 힘이 몽둥이에 영혼을 침식하는 단계로 스며들어, 이제는 사용자의 의지마저 시험한다."
몽둥이,압살,15,+15강 압살 재앙이 된 몽둥이,"압살의 힘이 몽둥이에 재앙이  단계로 스며들어, 이제는 사용자의 의지마저 시험한다."
몽둥이,압살,16,+16강 압살 세계에 뿌리내린 몽둥이,"압살의 힘이 몽둥이에 세계에 뿌리내린 단계로 스며들어, 이제는 사용자의 의지마저 시험한다."
몽둥이,압살,17,+17강 압살 질서를 뒤흔드는 몽둥이,"압살의 힘이 몽둥이에 질서를 뒤흔드는 단계로 스며들어, 이제는 사용자의 의지마저 시험한다."
몽둥이,압살,18,+18강 압살 세계를 삼키는 몽둥이,"압살의 힘이 몽둥이에 세계를 삼키는 단계로 스며들어, 이제는 사용자의 의지마저 시험한다."
몽둥이,압살,19,+19강 압살 모든 것을 집어삼킨 몽둥이,"압살의 힘이 몽둥이에 모든 것을 집어삼킨 단계로 스며들어, 이제는 사용자의 의지마저 시험한다."
몽둥이,압살,20,+20강 압살 그 자체가 된 몽둥이,"압살의 힘이 몽둥이에 그 자체가  단계로 스며들어, 이제는 사용자의 의지마저 시험한다."
몽둥이,학살,0,+0강 학살 흔적만 남은 몽둥이,"학살의 힘이 몽둥이에 흔적만 남은 단계로 스며들어, 이제는 사용자의 의지마저 시험한다."
몽둥이,학살,1,+1강 학살 깃든 몽둥이,"학살의 힘이 몽둥이에 깃든 단계로 스며들어, 이제는 사용자의 의지마저 시험한다."
몽둥이,학살,2,+2강 학살 뒤얽힌 몽둥이,"학살의 힘이 몽둥이에 뒤얽힌 단계로 스며들어, 이제는 사용자의 의지마저 시험한다."
몽둥이,학살,3,+3강 학살 잠식된 몽둥이,"학살의 힘이 몽둥이에 잠식 단계로 스며들어, 이제는 사용자의 의지마저 시험한다."
몽둥이,학살,4,+4강 학살 삼켜진 몽둥이,"학살의 힘이 몽둥이에 삼켜진 단계로 스며들어, 이제는 사용자의 의지마저 시험한다."
몽둥이,학살,5,+5강 학살 숨 쉬는 몽둥이,"학살의 힘이 몽둥이에 숨 쉬는 단계로 스며들어, 이제는 사용자의 의지마저 시험한다."
몽둥이,학살,6,+6강 학살 속삭이는 몽둥이,"학살의 힘이 몽둥이에 속삭이는 단계로 스며들어, 이제는 사용자의 의지마저 시험한다."
몽둥이,학살,7,+7강 학살 의지를 가진 몽둥이,"학살의 힘이 몽둥이에 의지를 가진 단계로 스며들어, 이제는 사용자의 의지마저 시험한다."
몽둥이,학살,8,+8강 학살 시험하는 몽둥이,"학살의 힘이 몽둥이에 시험하는 단계로 스며들어, 이제는 사용자의 의지마저 시험한다."
몽둥이,학살,9,+9강 학살 명령하는 몽둥이,"학살의 힘이 몽둥이에 명령하는 단계로 스며들어, 이제는 사용자의 의지마저 시험한다."
몽둥이,학살,10,+10강 학살 주인이 된 몽둥이,"학살의 힘이 몽둥이에 주인이  단계로 스며들어, 이제는 사용자의 의지마저 시험한다."
몽둥이,학살,11,+11강 학살 굴복시킨 몽둥이,"학살의 힘이 몽둥이에 굴복시킨 단계로 스며들어, 이제는 사용자의 의지마저 시험한다."
몽둥이,학살,12,+12강 학살 피를 요구하는 몽둥이,"학살의 힘이 몽둥이에 피를 요구하는 단계로 스며들어, 이제는 사용자의 의지마저 시험한다."
몽둥이,학살,13,+13강 학살 전장을 뒤덮는 몽둥이,"학살의 힘이 몽둥이에 전장을 뒤덮는 단계로 스며들어, 이제는 사용자의 의지마저 시험한다."
몽둥이,학살,14,+14강 학살 영혼을 침식하는 몽둥이,"학살의 힘이 몽둥이에 영혼을 침식하는 단계로 스며들어, 이제는 사용자의 의지마저 시험한다."
몽둥이,학살,15,+15강 학살 재앙이 된 몽둥이,"학살의 힘이 몽둥이에 재앙이  단계로 스며들어, 이제는 사용자의 의지마저 시험한다."
몽둥이,학살,16,+16강 학살 세계에 뿌리내린 몽둥이,"학살의 힘이 몽둥이에 세계에 뿌리내린 단계로 스며들어, 이제는 사용자의 의지마저 시험한다."
몽둥이,학살,17,+17강 학살 질서를 뒤흔드는 몽둥이,"학살의 힘이 몽둥이에 질서를 뒤흔드는 단계로 스며들어, 이제는 사용자의 의지마저 시험한다."
몽둥이,학살,18,+18강 학살 세계를 삼키는 몽둥이,"학살의 힘이 몽둥이에 세계를 삼키는 단계로 스며들어, 이제는 사용자의 의지마저 시험한다."
몽둥이,학살,19,+19강 학살 모든 것을 집어삼킨 몽둥이,"학살의 힘이 몽둥이에 모든 것을 집어삼킨 단계로 스며들어, 이제는 사용자의 의지마저 시험한다."
몽둥이,학살,20,+20강 학살 그 자체가 된 몽둥이,"학살의 힘이 몽둥이에 그 자체가  단계로 스며들어, 이제는 사용자의 의지마저 시험한다."
몽둥이,종말,0,+0강 종말 흔적만 남은 몽둥이,"종말의 힘이 몽둥이에 흔적만 남은 단계로 스며들어, 이제는 사용자의 의지마저 시험한다."
몽둥이,종말,1,+1강 종말 깃든 몽둥이,"종말의 힘이 몽둥이에 깃든 단계로 스며들어, 이제는 사용자의 의지마저 시험한다."
몽둥이,종말,2,+2강 종말 뒤얽힌 몽둥이,"종말의 힘이 몽둥이에 뒤얽힌 단계로 스며들어, 이제는 사용자의 의지마저 시험한다."
몽둥이,종말,3,+3강 종말 잠식된 몽둥이,"종말의 힘이 몽둥이에 잠식 단계로 스며들어, 이제는 사용자의 의지마저 시험한다."
몽둥이,종말,4,+4강 종말 삼켜진 몽둥이,"종말의 힘이 몽둥이에 삼켜진 단계로 스며들어, 이제는 사용자의 의지마저 시험한다."
몽둥이,종말,5,+5강 종말 숨 쉬는 몽둥이,"종말의 힘이 몽둥이에 숨 쉬는 단계로 스며들어, 이제는 사용자의 의지마저 시험한다."
몽둥이,종말,6,+6강 종말 속삭이는 몽둥이,"종말의 힘이 몽둥이에 속삭이는 단계로 스며들어, 이제는 사용자의 의지마저 시험한다."
몽둥이,종말,7,+7강 종말 의지를 가진 몽둥이,"종말의 힘이 몽둥이에 의지를 가진 단계로 스며들어, 이제는 사용자의 의지마저 시험한다."
몽둥이,종말,8,+8강 종말 시험하는 몽둥이,"종말의 힘이 몽둥이에 시험하는 단계로 스며들어, 이제는 사용자의 의지마저 시험한다."
몽둥이,종말,9,+9강 종말 명령하는 몽둥이,"종말의 힘이 몽둥이에 명령하는 단계로 스며들어, 이제는 사용자의 의지마저 시험한다."
몽둥이,종말,10,+10강 종말 주인이 된 몽둥이,"종말의 힘이 몽둥이에 주인이  단계로 스며들어, 이제는 사용자의 의지마저 시험한다."
몽둥이,종말,11,+11강 종말 굴복시킨 몽둥이,"종말의 힘이 몽둥이에 굴복시킨 단계로 스며들어, 이제는 사용자의 의지마저 시험한다."
몽둥이,종말,12,+12강 종말 피를 요구하는 몽둥이,"종말의 힘이 몽둥이에 피를 요구하는 단계로 스며들어, 이제는 사용자의 의지마저 시험한다."
몽둥이,종말,13,+13강 종말 전장을 뒤덮는 몽둥이,"종말의 힘이 몽둥이에 전장을 뒤덮는 단계로 스며들어, 이제는 사용자의 의지마저 시험한다."
몽둥이,종말,14,+14강 종말 영혼을 침식하는 몽둥이,"종말의 힘이 몽둥이에 영혼을 침식하는 단계로 스며들어, 이제는 사용자의 의지마저 시험한다."
몽둥이,종말,15,+15강 종말 재앙이 된 몽둥이,"종말의 힘이 몽둥이에 재앙이  단계로 스며들어, 이제는 사용자의 의지마저 시험한다."
몽둥이,종말,16,+16강 종말 세계에 뿌리내린 몽둥이,"종말의 힘이 몽둥이에 세계에 뿌리내린 단계로 스며들어, 이제는 사용자의 의지마저 시험한다."
몽둥이,종말,17,+17강 종말 질서를 뒤흔드는 몽둥이,"종말의 힘이 몽둥이에 질서를 뒤흔드는 단계로 스며들어, 이제는 사용자의 의지마저 시험한다."
몽둥이,종말,18,+18강 종말 세계를 삼키는 몽둥이,"종말의 힘이 몽둥이에 세계를 삼키는 단계로 스며들어, 이제는 사용자의 의지마저 시험한다."
몽둥이,종말,19,+19강 종말 모든 것을 집어삼킨 몽둥이,"종말의 힘이 몽둥이에 모든 것을 집어삼킨 단계로 스며들어, 이제는 사용자의 의지마저 시험한다."
몽둥이,종말,20,+20강 종말 그 자체가 된 몽둥이,"종말의 힘이 몽둥이에 그 자체가  단계로 스며들어, 이제는 사용자의 의지마저 시험한다."
지팡이,마력,0,+0강 마력 흔적만 남은 지팡이,"마력의 힘이 지팡이에 흔적만 남은 단계로 스며들어, 이제는 사용자의 의지마저 시험한다."
지팡이,마력,1,+1강 마력 깃든 지팡이,"마력의 힘이 지팡이에 깃든 단계로 스며들어, 이제는 사용자의 의지마저 시험한다."
지팡이,마력,2,+2강 마력 뒤얽힌 지팡이,"마력의 힘이 지팡이에 뒤얽힌 단계로 스며들어, 이제는 사용자의 의지마저 시험한다."
지팡이,마력,3,+3강 마력 잠식된 지팡이,"마력의 힘이 지팡이에 잠식 단계로 스며들어, 이제는 사용자의 의지마저 시험한다."
지팡이,마력,4,+4강 마력 삼켜진 지팡이,"마력의 힘이 지팡이에 삼켜진 단계로 스며들어, 이제는 사용자의 의지마저 시험한다."
지팡이,마력,5,+5강 마력 숨 쉬는 지팡이,"마력의 힘이 지팡이에 숨 쉬는 단계로 스며들어, 이제는 사용자의 의지마저 시험한다."
지팡이,마력,6,+6강 마력 속삭이는 지팡이,"마력의 힘이 지팡이에 속삭이는 단계로 스며들어, 이제는 사용자의 의지마저 시험한다."
지팡이,마력,7,+7강 마력 의지를 가진 지팡이,"마력의 힘이 지팡이에 의지를 가진 단계로 스며들어, 이제는 사용자의 의지마저 시험한다."
지팡이,마력,8,+8강 마력 시험하는 지팡이,"마력의 힘이 지팡이에 시험하는 단계로 스며들어, 이제는 사용자의 의지마저 시험한다."
지팡이,마력,9,+9강 마력 명령하는 지팡이,"마력의 힘이 지팡이에 명령하는 단계로 스며들어, 이제는 사용자의 의지마저 시험한다."
지팡이,마력,10,+10강 마력 주인이 된 지팡이,"마력의 힘이 지팡이에 주인이  단계로 스며들어, 이제는 사용자의 의지마저 시험한다."
지팡이,마력,11,+11강 마력 굴복시킨 지팡이,"마력의 힘이 지팡이에 굴복시킨 단계로 스며들어, 이제는 사용자의 의지마저 시험한다."
지팡이,마력,12,+12강 마력 피를 요구하는 지팡이,"마력의 힘이 지팡이에 피를 요구하는 단계로 스며들어, 이제는 사용자의 의지마저 시험한다."
지팡이,마력,13,+13강 마력 전장을 뒤덮는 지팡이,"마력의 힘이 지팡이에 전장을 뒤덮는 단계로 스며들어, 이제는 사용자의 의지마저 시험한다."
지팡이,마력,14,+14강 마력 영혼을 침식하는 지팡이,"마력의 힘이 지팡이에 영혼을 침식하는 단계로 스며들어, 이제는 사용자의 의지마저 시험한다."
지팡이,마력,15,+15강 마력 재앙이 된 지팡이,"마력의 힘이 지팡이에 재앙이  단계로 스며들어, 이제는 사용자의 의지마저 시험한다."
지팡이,마력,16,+16강 마력 세계에 뿌리내린 지팡이,"마력의 힘이 지팡이에 세계에 뿌리내린 단계로 스며들어, 이제는 사용자의 의지마저 시험한다."
지팡이,마력,17,+17강 마력 질서를 뒤흔드는 지팡이,"마력의 힘이 지팡이에 질서를 뒤흔드는 단계로 스며들어, 이제는 사용자의 의지마저 시험한다."
지팡이,마력,18,+18강 마력 세계를 삼키는 지팡이,"마력의 힘이 지팡이에 세계를 삼키는 단계로 스며들어, 이제는 사용자의 의지마저 시험한다."
지팡이,마력,19,+19강 마력 모든 것을 집어삼킨 지팡이,"마력의 힘이 지팡이에 모든 것을 집어삼킨 단계로 스며들어, 이제는 사용자의 의지마저 시험한다."
지팡이,마력,20,+20강 마력 그 자체가 된 지팡이,"마력의 힘이 지팡이에 그 자체가  단계로 스며들어, 이제는 사용자의 의지마저 시험한다."
지팡이,금단,0,+0강 금단 흔적만 남은 지팡이,"금단의 힘이 지팡이에 흔적만 남은 단계로 스며들어, 이제는 사용자의 의지마저 시험한다."
지팡이,금단,1,+1강 금단 깃든 지팡이,"금단의 힘이 지팡이에 깃든 단계로 스며들어, 이제는 사용자의 의지마저 시험한다."
지팡이,금단,2,+2강 금단 뒤얽힌 지팡이,"금단의 힘이 지팡이에 뒤얽힌 단계로 스며들어, 이제는 사용자의 의지마저 시험한다."
지팡이,금단,3,+3강 금단 잠식된 지팡이,"금단의 힘이 지팡이에 잠식 단계로 스며들어, 이제는 사용자의 의지마저 시험한다."
지팡이,금단,4,+4강 금단 삼켜진 지팡이,"금단의 힘이 지팡이에 삼켜진 단계로 스며들어, 이제는 사용자의 의지마저 시험한다."
지팡이,금단,5,+5강 금단 숨 쉬는 지팡이,"금단의 힘이 지팡이에 숨 쉬는 단계로 스며들어, 이제는 사용자의 의지마저 시험한다."
지팡이,금단,6,+6강 금단 속삭이는 지팡이,"금단의 힘이 지팡이에 속삭이는 단계로 스며들어, 이제는 사용자의 의지마저 시험한다."
지팡이,금단,7,+7강 금단 의지를 가진 지팡이,"금단의 힘이 지팡이에 의지를 가진 단계로 스며들어, 이제는 사용자의 의지마저 시험한다."
지팡이,금단,8,+8강 금단 시험하는 지팡이,"금단의 힘이 지팡이에 시험하는 단계로 스며들어, 이제는 사용자의 의지마저 시험한다."
지팡이,금단,9,+9강 금단 명령하는 지팡이,"금단의 힘이 지팡이에 명령하는 단계로 스며들어, 이제는 사용자의 의지마저 시험한다."
지팡이,금단,10,+10강 금단 주인이 된 지팡이,"금단의 힘이 지팡이에 주인이  단계로 스며들어, 이제는 사용자의 의지마저 시험한다."
지팡이,금단,11,+11강 금단 굴복시킨 지팡이,"금단의 힘이 지팡이에 굴복시킨 단계로 스며들어, 이제는 사용자의 의지마저 시험한다."
지팡이,금단,12,+12강 금단 피를 요구하는 지팡이,"금단의 힘이 지팡이에 피를 요구하는 단계로 스며들어, 이제는 사용자의 의지마저 시험한다."
지팡이,금단,13,+13강 금단 전장을 뒤덮는 지팡이,"금단의 힘이 지팡이에 전장을 뒤덮는 단계로 스며들어, 이제는 사용자의 의지마저 시험한다."
지팡이,금단,14,+14강 금단 영혼을 침식하는 지팡이,"금단의 힘이 지팡이에 영혼을 침식하는 단계로 스며들어, 이제는 사용자의 의지마저 시험한다."
지팡이,금단,15,+15강 금단 재앙이 된 지팡이,"금단의 힘이 지팡이에 재앙이  단계로 스며들어, 이제는 사용자의 의지마저 시험한다."
지팡이,금단,16,+16강 금단 세계에 뿌리내린 지팡이,"금단의 힘이 지팡이에 세계에 뿌리내린 단계로 스며들어, 이제는 사용자의 의지마저 시험한다."
지팡이,금단,17,+17강 금단 질서를 뒤흔드는 지팡이,"금단의 힘이 지팡이에 질서를 뒤흔드는 단계로 스며들어, 이제는 사용자의 의지마저 시험한다."
지팡이,금단,18,+18강 금단 세계를 삼키는 지팡이,"금단의 힘이 지팡이에 세계를 삼키는 단계로 스며들어, 이제는 사용자의 의지마저 시험한다."
지팡이,금단,19,+19강 금단 모든 것을 집어삼킨 지팡이,"금단의 힘이 지팡이에 모든 것을 집어삼킨 단계로 스며들어, 이제는 사용자의 의지마저 시험한다."
지팡이,금단,20,+20강 금단 그 자체가 된 지팡이,"금단의 힘이 지팡이에 그 자체가  단계로 스며들어, 이제는 사용자의 의지마저 시험한다."
지팡이,혼돈,0,+0강 혼돈 흔적만 남은 지팡이,"혼돈의 힘이 지팡이에 흔적만 남은 단계로 스며들어, 이제는 사용자의 의지마저 시험한다."
지팡이,혼돈,1,+1강 혼돈 깃든 지팡이,"혼돈의 힘이 지팡이에 깃든 단계로 스며들어, 이제는 사용자의 의지마저 시험한다."
지팡이,혼돈,2,+2강 혼돈 뒤얽힌 지팡이,"혼돈의 힘이 지팡이에 뒤얽힌 단계로 스며들어, 이제는 사용자의 의지마저 시험한다."
지팡이,혼돈,3,+3강 혼돈 잠식된 지팡이,"혼돈의 힘이 지팡이에 잠식 단계로 스며들어, 이제는 사용자의 의지마저 시험한다."
지팡이,혼돈,4,+4강 혼돈 삼켜진 지팡이,"혼돈의 힘이 지팡이에 삼켜진 단계로 스며들어, 이제는 사용자의 의지마저 시험한다."
지팡이,혼돈,5,+5강 혼돈 숨 쉬는 지팡이,"혼돈의 힘이 지팡이에 숨 쉬는 단계로 스며들어, 이제는 사용자의 의지마저 시험한다."
지팡이,혼돈,6,+6강 혼돈 속삭이는 지팡이,"혼돈의 힘이 지팡이에 속삭이는 단계로 스며들어, 이제는 사용자의 의지마저 시험한다."
지팡이,혼돈,7,+7강 혼돈 의지를 가진 지팡이,"혼돈의 힘이 지팡이에 의지를 가진 단계로 스며들어, 이제는 사용자의 의지마저 시험한다."
지팡이,혼돈,8,+8강 혼돈 시험하는 지팡이,"혼돈의 힘이 지팡이에 시험하는 단계로 스며들어, 이제는 사용자의 의지마저 시험한다."
지팡이,혼돈,9,+9강 혼돈 명령하는 지팡이,"혼돈의 힘이 지팡이에 명령하는 단계로 스며들어, 이제는 사용자의 의지마저 시험한다."
지팡이,혼돈,10,+10강 혼돈 주인이 된 지팡이,"혼돈의 힘이 지팡이에 주인이  단계로 스며들어, 이제는 사용자의 의지마저 시험한다."
지팡이,혼돈,11,+11강 혼돈 굴복시킨 지팡이,"혼돈의 힘이 지팡이에 굴복시킨 단계로 스며들어, 이제는 사용자의 의지마저 시험한다."
지팡이,혼돈,12,+12강 혼돈 피를 요구하는 지팡이,"혼돈의 힘이 지팡이에 피를 요구하는 단계로 스며들어, 이제는 사용자의 의지마저 시험한다."
지팡이,혼돈,13,+13강 혼돈 전장을 뒤덮는 지팡이,"혼돈의 힘이 지팡이에 전장을 뒤덮는 단계로 스며들어, 이제는 사용자의 의지마저 시험한다."
지팡이,혼돈,14,+14강 혼돈 영혼을 침식하는 지팡이,"혼돈의 힘이 지팡이에 영혼을 침식하는 단계로 스며들어, 이제는 사용자의 의지마저 시험한다."
지팡이,혼돈,15,+15강 혼돈 재앙이 된 지팡이,"혼돈의 힘이 지팡이에 재앙이  단계로 스며들어, 이제는 사용자의 의지마저 시험한다."
지팡이,혼돈,16,+16강 혼돈 세계에 뿌리내린 지팡이,"혼돈의 힘이 지팡이에 세계에 뿌리내린 단계로 스며들어, 이제는 사용자의 의지마저 시험한다."
지팡이,혼돈,17,+17강 혼돈 질서를 뒤흔드는 지팡이,"혼돈의 힘이 지팡이에 질서를 뒤흔드는 단계로 스며들어, 이제는 사용자의 의지마저 시험한다."
지팡이,혼돈,18,+18강 혼돈 세계를 삼키는 지팡이,"혼돈의 힘이 지팡이에 세계를 삼키는 단계로 스며들어, 이제는 사용자의 의지마저 시험한다."
지팡이,혼돈,19,+19강 혼돈 모든 것을 집어삼킨 지팡이,"혼돈의 힘이 지팡이에 모든 것을 집어삼킨 단계로 스며들어, 이제는 사용자의 의지마저 시험한다."
지팡이,혼돈,20,+20강 혼돈 그 자체가 된 지팡이,"혼돈의 힘이 지팡이에 그 자체가  단계로 스며들어, 이제는 사용자의 의지마저 시험한다."
지팡이,차원,0,+0강 차원 흔적만 남은 지팡이,"차원의 힘이 지팡이에 흔적만 남은 단계로 스며들어, 이제는 사용자의 의지마저 시험한다."
지팡이,차원,1,+1강 차원 깃든 지팡이,"차원의 힘이 지팡이에 깃든 단계로 스며들어, 이제는 사용자의 의지마저 시험한다."
지팡이,차원,2,+2강 차원 뒤얽힌 지팡이,"차원의 힘이 지팡이에 뒤얽힌 단계로 스며들어, 이제는 사용자의 의지마저 시험한다."
지팡이,차원,3,+3강 차원 잠식된 지팡이,"차원의 힘이 지팡이에 잠식 단계로 스며들어, 이제는 사용자의 의지마저 시험한다."
지팡이,차원,4,+4강 차원 삼켜진 지팡이,"차원의 힘이 지팡이에 삼켜진 단계로 스며들어, 이제는 사용자의 의지마저 시험한다."
지팡이,차원,5,+5강 차원 숨 쉬는 지팡이,"차원의 힘이 지팡이에 숨 쉬는 단계로 스며들어, 이제는 사용자의 의지마저 시험한다."
지팡이,차원,6,+6강 차원 속삭이는 지팡이,"차원의 힘이 지팡이에 속삭이는 단계로 스며들어, 이제는 사용자의 의지마저 시험한다."
지팡이,차원,7,+7강 차원 의지를 가진 지팡이,"차원의 힘이 지팡이에 의지를 가진 단계로 스며들어, 이제는 사용자의 의지마저 시험한다."
지팡이,차원,8,+8강 차원 시험하는 지팡이,"차원의 힘이 지팡이에 시험하는 단계로 스며들어, 이제는 사용자의 의지마저 시험한다."
지팡이,차원,9,+9강 차원 명령하는 지팡이,"차원의 힘이 지팡이에 명령하는 단계로 스며들어, 이제는 사용자의 의지마저 시험한다."
지팡이,차원,10,+10강 차원 주인이 된 지팡이,"차원의 힘이 지팡이에 주인이  단계로 스며들어, 이제는 사용자의 의지마저 시험한다."
지팡이,차원,11,+11강 차원 굴복시킨 지팡이,"차원의 힘이 지팡이에 굴복시킨 단계로 스며들어, 이제는 사용자의 의지마저 시험한다."
지팡이,차원,12,+12강 차원 피를 요구하는 지팡이,"차원의 힘이 지팡이에 피를 요구하는 단계로 스며들어, 이제는 사용자의 의지마저 시험한다."
지팡이,차원,13,+13강 차원 전장을 뒤덮는 지팡이,"차원의 힘이 지팡이에 전장을 뒤덮는 단계로 스며들어, 이제는 사용자의 의지마저 시험한다."
지팡이,차원,14,+14강 차원 영혼을 침식하는 지팡이,"차원의 힘이 지팡이에 영혼을 침식하는 단계로 스며들어, 이제는 사용자의 의지마저 시험한다."
지팡이,차원,15,+15강 차원 재앙이 된 지팡이,"차원의 힘이 지팡이에 재앙이  단계로 스며들어, 이제는 사용자의 의지마저 시험한다."
지팡이,차원,16,+16강 차원 세계에 뿌리내린 지팡이,"차원의 힘이 지팡이에 세계에 뿌리내린 단계로 스며들어, 이제는 사용자의 의지마저 시험한다."
지팡이,차원,17,+17강 차원 질서를 뒤흔드는 지팡이,"차원의 힘이 지팡이에 질서를 뒤흔드는 단계로 스며들어, 이제는 사용자의 의지마저 시험한다."
지팡이,차원,18,+18강 차원 세계를 삼키는 지팡이,"차원의 힘이 지팡이에 세계를 삼키는 단계로 스며들어, 이제는 사용자의 의지마저 시험한다."
지팡이,차원,19,+19강 차원 모든 것을 집어삼킨 지팡이,"차원의 힘이 지팡이에 모든 것을 집어삼킨 단계로 스며들어, 이제는 사용자의 의지마저 시험한다."
지팡이,차원,20,+20강 차원 그 자체가 된 지팡이,"차원의 힘이 지팡이에 그 자체가  단계로 스며들어, 이제는 사용자의 의지마저 시험한다."
지팡이,원소,0,+0강 원소 흔적만 남은 지팡이,"원소의 힘이 지팡이에 흔적만 남은 단계로 스며들어, 이제는 사용자의 의지마저 시험한다."
지팡이,원소,1,+1강 원소 깃든 지팡이,"원소의 힘이 지팡이에 깃든 단계로 스며들어, 이제는 사용자의 의지마저 시험한다."
지팡이,원소,2,+2강 원소 뒤얽힌 지팡이,"원소의 힘이 지팡이에 뒤얽힌 단계로 스며들어, 이제는 사용자의 의지마저 시험한다."
지팡이,원소,3,+3강 원소 잠식된 지팡이,"원소의 힘이 지팡이에 잠식 단계로 스며들어, 이제는 사용자의 의지마저 시험한다."
지팡이,원소,4,+4강 원소 삼켜진 지팡이,"원소의 힘이 지팡이에 삼켜진 단계로 스며들어, 이제는 사용자의 의지마저 시험한다."
지팡이,원소,5,+5강 원소 숨 쉬는 지팡이,"원소의 힘이 지팡이에 숨 쉬는 단계로 스며들어, 이제는 사용자의 의지마저 시험한다."
지팡이,원소,6,+6강 원소 속삭이는 지팡이,"원소의 힘이 지팡이에 속삭이는 단계로 스며들어, 이제는 사용자의 의지마저 시험한다."
지팡이,원소,7,+7강 원소 의지를 가진 지팡이,"원소의 힘이 지팡이에 의지를 가진 단계로 스며들어, 이제는 사용자의 의지마저 시험한다."
지팡이,원소,8,+8강 원소 시험하는 지팡이,"원소의 힘이 지팡이에 시험하는 단계로 스며들어, 이제는 사용자의 의지마저 시험한다."
지팡이,원소,9,+9강 원소 명령하는 지팡이,"원소의 힘이 지팡이에 명령하는 단계로 스며들어, 이제는 사용자의 의지마저 시험한다."
지팡이,원소,10,+10강 원소 주인이 된 지팡이,"원소의 힘이 지팡이에 주인이  단계로 스며들어, 이제는 사용자의 의지마저 시험한다."
지팡이,원소,11,+11강 원소 굴복시킨 지팡이,"원소의 힘이 지팡이에 굴복시킨 단계로 스며들어, 이제는 사용자의 의지마저 시험한다."
지팡이,원소,12,+12강 원소 피를 요구하는 지팡이,"원소의 힘이 지팡이에 피를 요구하는 단계로 스며들어, 이제는 사용자의 의지마저 시험한다."
지팡이,원소,13,+13강 원소 전장을 뒤덮는 지팡이,"원소의 힘이 지팡이에 전장을 뒤덮는 단계로 스며들어, 이제는 사용자의 의지마저 시험한다."
지팡이,원소,14,+14강 원소 영혼을 침식하는 지팡이,"원소의 힘이 지팡이에 영혼을 침식하는 단계로 스며들어, 이제는 사용자의 의지마저 시험한다."
지팡이,원소,15,+15강 원소 재앙이 된 지팡이,"원소의 힘이 지팡이에 재앙이  단계로 스며들어, 이제는 사용자의 의지마저 시험한다."
지팡이,원소,16,+16강 원소 세계에 뿌리내린 지팡이,"원소의 힘이 지팡이에 세계에 뿌리내린 단계로 스며들어, 이제는 사용자의 의지마저 시험한다."
지팡이,원소,17,+17강 원소 질서를 뒤흔드는 지팡이,"원소의 힘이 지팡이에 질서를 뒤흔드는 단계로 스며들어, 이제는 사용자의 의지마저 시험한다."
지팡이,원소,18,+18강 원소 세계를 삼키는 지팡이,"원소의 힘이 지팡이에 세계를 삼키는 단계로 스며들어, 이제는 사용자의 의지마저 시험한다."
지팡이,원소,19,+19강 원소 모든 것을 집어삼킨 지팡이,"원소의 힘이 지팡이에 모든 것을 집어삼킨 단계로 스며들어, 이제는 사용자의 의지마저 시험한다."
지팡이,원소,20,+20강 원소 그 자체가 된 지팡이,"원소의 힘이 지팡이에 그 자체가  단계로 스며들어, 이제는 사용자의 의지마저 시험한다."
지팡이,사령,0,+0강 사령 흔적만 남은 지팡이,"사령의 힘이 지팡이에 흔적만 남은 단계로 스며들어, 이제는 사용자의 의지마저 시험한다."
지팡이,사령,1,+1강 사령 깃든 지팡이,"사령의 힘이 지팡이에 깃든 단계로 스며들어, 이제는 사용자의 의지마저 시험한다."
지팡이,사령,2,+2강 사령 뒤얽힌 지팡이,"사령의 힘이 지팡이에 뒤얽힌 단계로 스며들어, 이제는 사용자의 의지마저 시험한다."
지팡이,사령,3,+3강 사령 잠식된 지팡이,"사령의 힘이 지팡이에 잠식 단계로 스며들어, 이제는 사용자의 의지마저 시험한다."
지팡이,사령,4,+4강 사령 삼켜진 지팡이,"사령의 힘이 지팡이에 삼켜진 단계로 스며들어, 이제는 사용자의 의지마저 시험한다."
지팡이,사령,5,+5강 사령 숨 쉬는 지팡이,"사령의 힘이 지팡이에 숨 쉬는 단계로 스며들어, 이제는 사용자의 의지마저 시험한다."
지팡이,사령,6,+6강 사령 속삭이는 지팡이,"사령의 힘이 지팡이에 속삭이는 단계로 스며들어, 이제는 사용자의 의지마저 시험한다."
지팡이,사령,7,+7강 사령 의지를 가진 지팡이,"사령의 힘이 지팡이에 의지를 가진 단계로 스며들어, 이제는 사용자의 의지마저 시험한다."
지팡이,사령,8,+8강 사령 시험하는 지팡이,"사령의 힘이 지팡이에 시험하는 단계로 스며들어, 이제는 사용자의 의지마저 시험한다."
지팡이,사령,9,+9강 사령 명령하는 지팡이,"사령의 힘이 지팡이에 명령하는 단계로 스며들어, 이제는 사용자의 의지마저 시험한다."
지팡이,사령,10,+10강 사령 주인이 된 지팡이,"사령의 힘이 지팡이에 주인이  단계로 스며들어, 이제는 사용자의 의지마저 시험한다."
지팡이,사령,11,+11강 사령 굴복시킨 지팡이,"사령의 힘이 지팡이에 굴복시킨 단계로 스며들어, 이제는 사용자의 의지마저 시험한다."
지팡이,사령,12,+12강 사령 피를 요구하는 지팡이,"사령의 힘이 지팡이에 피를 요구하는 단계로 스며들어, 이제는 사용자의 의지마저 시험한다."
지팡이,사령,13,+13강 사령 전장을 뒤덮는 지팡이,"사령의 힘이 지팡이에 전장을 뒤덮는 단계로 스며들어, 이제는 사용자의 의지마저 시험한다."
지팡이,사령,14,+14강 사령 영혼을 침식하는 지팡이,"사령의 힘이 지팡이에 영혼을 침식하는 단계로 스며들어, 이제는 사용자의 의지마저 시험한다."
지팡이,사령,15,+15강 사령 재앙이 된 지팡이,"사령의 힘이 지팡이에 재앙이  단계로 스며들어, 이제는 사용자의 의지마저 시험한다."
지팡이,사령,16,+16강 사령 세계에 뿌리내린 지팡이,"사령의 힘이 지팡이에 세계에 뿌리내린 단계로 스며들어, 이제는 사용자의 의지마저 시험한다."
지팡이,사령,17,+17강 사령 질서를 뒤흔드는 지팡이,"사령의 힘이 지팡이에 질서를 뒤흔드는 단계로 스며들어, 이제는 사용자의 의지마저 시험한다."
지팡이,사령,18,+18강 사령 세계를 삼키는 지팡이,"사령의 힘이 지팡이에 세계를 삼키는 단계로 스며들어, 이제는 사용자의 의지마저 시험한다."
지팡이,사령,19,+19강 사령 모든 것을 집어삼킨 지팡이,"사령의 힘이 지팡이에 모든 것을 집어삼킨 단계로 스며들어, 이제는 사용자의 의지마저 시험한다."
지팡이,사령,20,+20강 사령 그 자체가 된 지팡이,"사령의 힘이 지팡이에 그 자체가  단계로 스며들어, 이제는 사용자의 의지마저 시험한다."
지팡이,진리,0,+0강 진리 흔적만 남은 지팡이,"진리의 힘이 지팡이에 흔적만 남은 단계로 스며들어, 이제는 사용자의 의지마저 시험한다."
지팡이,진리,1,+1강 진리 깃든 지팡이,"진리의 힘이 지팡이에 깃든 단계로 스며들어, 이제는 사용자의 의지마저 시험한다."
지팡이,진리,2,+2강 진리 뒤얽힌 지팡이,"진리의 힘이 지팡이에 뒤얽힌 단계로 스며들어, 이제는 사용자의 의지마저 시험한다."
지팡이,진리,3,+3강 진리 잠식된 지팡이,"진리의 힘이 지팡이에 잠식 단계로 스며들어, 이제는 사용자의 의지마저 시험한다."
지팡이,진리,4,+4강 진리 삼켜진 지팡이,"진리의 힘이 지팡이에 삼켜진 단계로 스며들어, 이제는 사용자의 의지마저 시험한다."
지팡이,진리,5,+5강 진리 숨 쉬는 지팡이,"진리의 힘이 지팡이에 숨 쉬는 단계로 스며들어, 이제는 사용자의 의지마저 시험한다."
지팡이,진리,6,+6강 진리 속삭이는 지팡이,"진리의 힘이 지팡이에 속삭이는 단계로 스며들어, 이제는 사용자의 의지마저 시험한다."
지팡이,진리,7,+7강 진리 의지를 가진 지팡이,"진리의 힘이 지팡이에 의지를 가진 단계로 스며들어, 이제는 사용자의 의지마저 시험한다."
지팡이,진리,8,+8강 진리 시험하는 지팡이,"진리의 힘이 지팡이에 시험하는 단계로 스며들어, 이제는 사용자의 의지마저 시험한다."
지팡이,진리,9,+9강 진리 명령하는 지팡이,"진리의 힘이 지팡이에 명령하는 단계로 스며들어, 이제는 사용자의 의지마저 시험한다."
지팡이,진리,10,+10강 진리 주인이 된 지팡이,"진리의 힘이 지팡이에 주인이  단계로 스며들어, 이제는 사용자의 의지마저 시험한다."
지팡이,진리,11,+11강 진리 굴복시킨 지팡이,"진리의 힘이 지팡이에 굴복시킨 단계로 스며들어, 이제는 사용자의 의지마저 시험한다."
지팡이,진리,12,+12강 진리 피를 요구하는 지팡이,"진리의 힘이 지팡이에 피를 요구하는 단계로 스며들어, 이제는 사용자의 의지마저 시험한다."
지팡이,진리,13,+13강 진리 전장을 뒤덮는 지팡이,"진리의 힘이 지팡이에 전장을 뒤덮는 단계로 스며들어, 이제는 사용자의 의지마저 시험한다."
지팡이,진리,14,+14강 진리 영혼을 침식하는 지팡이,"진리의 힘이 지팡이에 영혼을 침식하는 단계로 스며들어, 이제는 사용자의 의지마저 시험한다."
지팡이,진리,15,+15강 진리 재앙이 된 지팡이,"진리의 힘이 지팡이에 재앙이  단계로 스며들어, 이제는 사용자의 의지마저 시험한다."
지팡이,진리,16,+16강 진리 세계에 뿌리내린 지팡이,"진리의 힘이 지팡이에 세계에 뿌리내린 단계로 스며들어, 이제는 사용자의 의지마저 시험한다."
지팡이,진리,17,+17강 진리 질서를 뒤흔드는 지팡이,"진리의 힘이 지팡이에 질서를 뒤흔드는 단계로 스며들어, 이제는 사용자의 의지마저 시험한다."
지팡이,진리,18,+18강 진리 세계를 삼키는 지팡이,"진리의 힘이 지팡이에 세계를 삼키는 단계로 스며들어, 이제는 사용자의 의지마저 시험한다."
지팡이,진리,19,+19강 진리 모든 것을 집어삼킨 지팡이,"진리의 힘이 지팡이에 모든 것을 집어삼킨 단계로 스며들어, 이제는 사용자의 의지마저 시험한다."
지팡이,진리,20,+20강 진리 그 자체가 된 지팡이,"진리의 힘이 지팡이에 그 자체가  단계로 스며들어, 이제는 사용자의 의지마저 시험한다."
지팡이,왜곡,0,+0강 왜곡 흔적만 남은 지팡이,"왜곡의 힘이 지팡이에 흔적만 남은 단계로 스며들어, 이제는 사용자의 의지마저 시험한다."
지팡이,왜곡,1,+1강 왜곡 깃든 지팡이,"왜곡의 힘이 지팡이에 깃든 단계로 스며들어, 이제는 사용자의 의지마저 시험한다."
지팡이,왜곡,2,+2강 왜곡 뒤얽힌 지팡이,"왜곡의 힘이 지팡이에 뒤얽힌 단계로 스며들어, 이제는 사용자의 의지마저 시험한다."
지팡이,왜곡,3,+3강 왜곡 잠식된 지팡이,"왜곡의 힘이 지팡이에 잠식 단계로 스며들어, 이제는 사용자의 의지마저 시험한다."
지팡이,왜곡,4,+4강 왜곡 삼켜진 지팡이,"왜곡의 힘이 지팡이에 삼켜진 단계로 스며들어, 이제는 사용자의 의지마저 시험한다."
지팡이,왜곡,5,+5강 왜곡 숨 쉬는 지팡이,"왜곡의 힘이 지팡이에 숨 쉬는 단계로 스며들어, 이제는 사용자의 의지마저 시험한다."
지팡이,왜곡,6,+6강 왜곡 속삭이는 지팡이,"왜곡의 힘이 지팡이에 속삭이는 단계로 스며들어, 이제는 사용자의 의지마저 시험한다."
지팡이,왜곡,7,+7강 왜곡 의지를 가진 지팡이,"왜곡의 힘이 지팡이에 의지를 가진 단계로 스며들어, 이제는 사용자의 의지마저 시험한다."
지팡이,왜곡,8,+8강 왜곡 시험하는 지팡이,"왜곡의 힘이 지팡이에 시험하는 단계로 스며들어, 이제는 사용자의 의지마저 시험한다."
지팡이,왜곡,9,+9강 왜곡 명령하는 지팡이,"왜곡의 힘이 지팡이에 명령하는 단계로 스며들어, 이제는 사용자의 의지마저 시험한다."
지팡이,왜곡,10,+10강 왜곡 주인이 된 지팡이,"왜곡의 힘이 지팡이에 주인이  단계로 스며들어, 이제는 사용자의 의지마저 시험한다."
지팡이,왜곡,11,+11강 왜곡 굴복시킨 지팡이,"왜곡의 힘이 지팡이에 굴복시킨 단계로 스며들어, 이제는 사용자의 의지마저 시험한다."
지팡이,왜곡,12,+12강 왜곡 피를 요구하는 지팡이,"왜곡의 힘이 지팡이에 피를 요구하는 단계로 스며들어, 이제는 사용자의 의지마저 시험한다."
지팡이,왜곡,13,+13강 왜곡 전장을 뒤덮는 지팡이,"왜곡의 힘이 지팡이에 전장을 뒤덮는 단계로 스며들어, 이제는 사용자의 의지마저 시험한다."
지팡이,왜곡,14,+14강 왜곡 영혼을 침식하는 지팡이,"왜곡의 힘이 지팡이에 영혼을 침식하는 단계로 스며들어, 이제는 사용자의 의지마저 시험한다."
지팡이,왜곡,15,+15강 왜곡 재앙이 된 지팡이,"왜곡의 힘이 지팡이에 재앙이  단계로 스며들어, 이제는 사용자의 의지마저 시험한다."
지팡이,왜곡,16,+16강 왜곡 세계에 뿌리내린 지팡이,"왜곡의 힘이 지팡이에 세계에 뿌리내린 단계로 스며들어, 이제는 사용자의 의지마저 시험한다."
지팡이,왜곡,17,+17강 왜곡 질서를 뒤흔드는 지팡이,"왜곡의 힘이 지팡이에 질서를 뒤흔드는 단계로 스며들어, 이제는 사용자의 의지마저 시험한다."
지팡이,왜곡,18,+18강 왜곡 세계를 삼키는 지팡이,"왜곡의 힘이 지팡이에 세계를 삼키는 단계로 스며들어, 이제는 사용자의 의지마저 시험한다."
지팡이,왜곡,19,+19강 왜곡 모든 것을 집어삼킨 지팡이,"왜곡의 힘이 지팡이에 모든 것을 집어삼킨 단계로 스며들어, 이제는 사용자의 의지마저 시험한다."
지팡이,왜곡,20,+20강 왜곡 그 자체가 된 지팡이,"왜곡의 힘이 지팡이에 그 자체가  단계로 스며들어, 이제는 사용자의 의지마저 시험한다."
지팡이,초월,0,+0강 초월 흔적만 남은 지팡이,"초월의 힘이 지팡이에 흔적만 남은 단계로 스며들어, 이제는 사용자의 의지마저 시험한다."
지팡이,초월,1,+1강 초월 깃든 지팡이,"초월의 힘이 지팡이에 깃든 단계로 스며들어, 이제는 사용자의 의지마저 시험한다."
지팡이,초월,2,+2강 초월 뒤얽힌 지팡이,"초월의 힘이 지팡이에 뒤얽힌 단계로 스며들어, 이제는 사용자의 의지마저 시험한다."
지팡이,초월,3,+3강 초월 잠식된 지팡이,"초월의 힘이 지팡이에 잠식 단계로 스며들어, 이제는 사용자의 의지마저 시험한다."
지팡이,초월,4,+4강 초월 삼켜진 지팡이,"초월의 힘이 지팡이에 삼켜진 단계로 스며들어, 이제는 사용자의 의지마저 시험한다."
지팡이,초월,5,+5강 초월 숨 쉬는 지팡이,"초월의 힘이 지팡이에 숨 쉬는 단계로 스며들어, 이제는 사용자의 의지마저 시험한다."
지팡이,초월,6,+6강 초월 속삭이는 지팡이,"초월의 힘이 지팡이에 속삭이는 단계로 스며들어, 이제는 사용자의 의지마저 시험한다."
지팡이,초월,7,+7강 초월 의지를 가진 지팡이,"초월의 힘이 지팡이에 의지를 가진 단계로 스며들어, 이제는 사용자의 의지마저 시험한다."
지팡이,초월,8,+8강 초월 시험하는 지팡이,"초월의 힘이 지팡이에 시험하는 단계로 스며들어, 이제는 사용자의 의지마저 시험한다."
지팡이,초월,9,+9강 초월 명령하는 지팡이,"초월의 힘이 지팡이에 명령하는 단계로 스며들어, 이제는 사용자의 의지마저 시험한다."
지팡이,초월,10,+10강 초월 주인이 된 지팡이,"초월의 힘이 지팡이에 주인이  단계로 스며들어, 이제는 사용자의 의지마저 시험한다."
지팡이,초월,11,+11강 초월 굴복시킨 지팡이,"초월의 힘이 지팡이에 굴복시킨 단계로 스며들어, 이제는 사용자의 의지마저 시험한다."
지팡이,초월,12,+12강 초월 피를 요구하는 지팡이,"초월의 힘이 지팡이에 피를 요구하는 단계로 스며들어, 이제는 사용자의 의지마저 시험한다."
지팡이,초월,13,+13강 초월 전장을 뒤덮는 지팡이,"초월의 힘이 지팡이에 전장을 뒤덮는 단계로 스며들어, 이제는 사용자의 의지마저 시험한다."
지팡이,초월,14,+14강 초월 영혼을 침식하는 지팡이,"초월의 힘이 지팡이에 영혼을 침식하는 단계로 스며들어, 이제는 사용자의 의지마저 시험한다."
지팡이,초월,15,+15강 초월 재앙이 된 지팡이,"초월의 힘이 지팡이에 재앙이  단계로 스며들어, 이제는 사용자의 의지마저 시험한다."
지팡이,초월,16,+16강 초월 세계에 뿌리내린 지팡이,"초월의 힘이 지팡이에 세계에 뿌리내린 단계로 스며들어, 이제는 사용자의 의지마저 시험한다."
지팡이,초월,17,+17강 초월 질서를 뒤흔드는 지팡이,"초월의 힘이 지팡이에 질서를 뒤흔드는 단계로 스며들어, 이제는 사용자의 의지마저 시험한다."
지팡이,초월,18,+18강 초월 세계를 삼키는 지팡이,"초월의 힘이 지팡이에 세계를 삼키는 단계로 스며들어, 이제는 사용자의 의지마저 시험한다."
지팡이,초월,19,+19강 초월 모든 것을 집어삼킨 지팡이,"초월의 힘이 지팡이에 모든 것을 집어삼킨 단계로 스며들어, 이제는 사용자의 의지마저 시험한다."
지팡이,초월,20,+20강 초월 그 자체가 된 지팡이,"초월의 힘이 지팡이에 그 자체가  단계로 스며들어, 이제는 사용자의 의지마저 시험한다."
지팡이,창조,0,+0강 창조 흔적만 남은 지팡이,"창조의 힘이 지팡이에 흔적만 남은 단계로 스며들어, 이제는 사용자의 의지마저 시험한다."
지팡이,창조,1,+1강 창조 깃든 지팡이,"창조의 힘이 지팡이에 깃든 단계로 스며들어, 이제는 사용자의 의지마저 시험한다."
지팡이,창조,2,+2강 창조 뒤얽힌 지팡이,"창조의 힘이 지팡이에 뒤얽힌 단계로 스며들어, 이제는 사용자의 의지마저 시험한다."
지팡이,창조,3,+3강 창조 잠식된 지팡이,"창조의 힘이 지팡이에 잠식 단계로 스며들어, 이제는 사용자의 의지마저 시험한다."
지팡이,창조,4,+4강 창조 삼켜진 지팡이,"창조의 힘이 지팡이에 삼켜진 단계로 스며들어, 이제는 사용자의 의지마저 시험한다."
지팡이,창조,5,+5강 창조 숨 쉬는 지팡이,"창조의 힘이 지팡이에 숨 쉬는 단계로 스며들어, 이제는 사용자의 의지마저 시험한다."
지팡이,창조,6,+6강 창조 속삭이는 지팡이,"창조의 힘이 지팡이에 속삭이는 단계로 스며들어, 이제는 사용자의 의지마저 시험한다."
지팡이,창조,7,+7강 창조 의지를 가진 지팡이,"창조의 힘이 지팡이에 의지를 가진 단계로 스며들어, 이제는 사용자의 의지마저 시험한다."
지팡이,창조,8,+8강 창조 시험하는 지팡이,"창조의 힘이 지팡이에 시험하는 단계로 스며들어, 이제는 사용자의 의지마저 시험한다."
지팡이,창조,9,+9강 창조 명령하는 지팡이,"창조의 힘이 지팡이에 명령하는 단계로 스며들어, 이제는 사용자의 의지마저 시험한다."
지팡이,창조,10,+10강 창조 주인이 된 지팡이,"창조의 힘이 지팡이에 주인이  단계로 스며들어, 이제는 사용자의 의지마저 시험한다."
지팡이,창조,11,+11강 창조 굴복시킨 지팡이,"창조의 힘이 지팡이에 굴복시킨 단계로 스며들어, 이제는 사용자의 의지마저 시험한다."
지팡이,창조,12,+12강 창조 피를 요구하는 지팡이,"창조의 힘이 지팡이에 피를 요구하는 단계로 스며들어, 이제는 사용자의 의지마저 시험한다."
지팡이,창조,13,+13강 창조 전장을 뒤덮는 지팡이,"창조의 힘이 지팡이에 전장을 뒤덮는 단계로 스며들어, 이제는 사용자의 의지마저 시험한다."
지팡이,창조,14,+14강 창조 영혼을 침식하는 지팡이,"창조의 힘이 지팡이에 영혼을 침식하는 단계로 스며들어, 이제는 사용자의 의지마저 시험한다."
지팡이,창조,15,+15강 창조 재앙이 된 지팡이,"창조의 힘이 지팡이에 재앙이  단계로 스며들어, 이제는 사용자의 의지마저 시험한다."
지팡이,창조,16,+16강 창조 세계에 뿌리내린 지팡이,"창조의 힘이 지팡이에 세계에 뿌리내린 단계로 스며들어, 이제는 사용자의 의지마저 시험한다."
지팡이,창조,17,+17강 창조 질서를 뒤흔드는 지팡이,"창조의 힘이 지팡이에 질서를 뒤흔드는 단계로 스며들어, 이제는 사용자의 의지마저 시험한다."
지팡이,창조,18,+18강 창조 세계를 삼키는 지팡이,"창조의 힘이 지팡이에 세계를 삼키는 단계로 스며들어, 이제는 사용자의 의지마저 시험한다."
지팡이,창조,19,+19강 창조 모든 것을 집어삼킨 지팡이,"창조의 힘이 지팡이에 모든 것을 집어삼킨 단계로 스며들어, 이제는 사용자의 의지마저 시험한다."
지팡이,창조,20,+20강 창조 그 자체가 된 지팡이,"창조의 힘이 지팡이에 그 자체가  단계로 스며들어, 이제는 사용자의 의지마저 시험한다."
방패,수호,0,+0강 수호 흔적만 남은 방패,"수호의 힘이 방패에 흔적만 남은 단계로 스며들어, 이제는 사용자의 의지마저 시험한다."
방패,수호,1,+1강 수호 깃든 방패,"수호의 힘이 방패에 깃든 단계로 스며들어, 이제는 사용자의 의지마저 시험한다."
방패,수호,2,+2강 수호 뒤얽힌 방패,"수호의 힘이 방패에 뒤얽힌 단계로 스며들어, 이제는 사용자의 의지마저 시험한다."
방패,수호,3,+3강 수호 잠식된 방패,"수호의 힘이 방패에 잠식 단계로 스며들어, 이제는 사용자의 의지마저 시험한다."
방패,수호,4,+4강 수호 삼켜진 방패,"수호의 힘이 방패에 삼켜진 단계로 스며들어, 이제는 사용자의 의지마저 시험한다."
방패,수호,5,+5강 수호 숨 쉬는 방패,"수호의 힘이 방패에 숨 쉬는 단계로 스며들어, 이제는 사용자의 의지마저 시험한다."
방패,수호,6,+6강 수호 속삭이는 방패,"수호의 힘이 방패에 속삭이는 단계로 스며들어, 이제는 사용자의 의지마저 시험한다."
방패,수호,7,+7강 수호 의지를 가진 방패,"수호의 힘이 방패에 의지를 가진 단계로 스며들어, 이제는 사용자의 의지마저 시험한다."
방패,수호,8,+8강 수호 시험하는 방패,"수호의 힘이 방패에 시험하는 단계로 스며들어, 이제는 사용자의 의지마저 시험한다."
방패,수호,9,+9강 수호 명령하는 방패,"수호의 힘이 방패에 명령하는 단계로 스며들어, 이제는 사용자의 의지마저 시험한다."
방패,수호,10,+10강 수호 주인이 된 방패,"수호의 힘이 방패에 주인이  단계로 스며들어, 이제는 사용자의 의지마저 시험한다."
방패,수호,11,+11강 수호 굴복시킨 방패,"수호의 힘이 방패에 굴복시킨 단계로 스며들어, 이제는 사용자의 의지마저 시험한다."
방패,수호,12,+12강 수호 피를 요구하는 방패,"수호의 힘이 방패에 피를 요구하는 단계로 스며들어, 이제는 사용자의 의지마저 시험한다."
방패,수호,13,+13강 수호 전장을 뒤덮는 방패,"수호의 힘이 방패에 전장을 뒤덮는 단계로 스며들어, 이제는 사용자의 의지마저 시험한다."
방패,수호,14,+14강 수호 영혼을 침식하는 방패,"수호의 힘이 방패에 영혼을 침식하는 단계로 스며들어, 이제는 사용자의 의지마저 시험한다."
방패,수호,15,+15강 수호 재앙이 된 방패,"수호의 힘이 방패에 재앙이  단계로 스며들어, 이제는 사용자의 의지마저 시험한다."
방패,수호,16,+16강 수호 세계에 뿌리내린 방패,"수호의 힘이 방패에 세계에 뿌리내린 단계로 스며들어, 이제는 사용자의 의지마저 시험한다."
방패,수호,17,+17강 수호 질서를 뒤흔드는 방패,"수호의 힘이 방패에 질서를 뒤흔드는 단계로 스며들어, 이제는 사용자의 의지마저 시험한다."
방패,수호,18,+18강 수호 세계를 삼키는 방패,"수호의 힘이 방패에 세계를 삼키는 단계로 스며들어, 이제는 사용자의 의지마저 시험한다."
방패,수호,19,+19강 수호 모든 것을 집어삼킨 방패,"수호의 힘이 방패에 모든 것을 집어삼킨 단계로 스며들어, 이제는 사용자의 의지마저 시험한다."
방패,수호,20,+20강 수호 그 자체가 된 방패,"수호의 힘이 방패에 그 자체가  단계로 스며들어, 이제는 사용자의 의지마저 시험한다."
방패,불굴,0,+0강 불굴 흔적만 남은 방패,"불굴의 힘이 방패에 흔적만 남은 단계로 스며들어, 이제는 사용자의 의지마저 시험한다."
방패,불굴,1,+1강 불굴 깃든 방패,"불굴의 힘이 방패에 깃든 단계로 스며들어, 이제는 사용자의 의지마저 시험한다."
방패,불굴,2,+2강 불굴 뒤얽힌 방패,"불굴의 힘이 방패에 뒤얽힌 단계로 스며들어, 이제는 사용자의 의지마저 시험한다."
방패,불굴,3,+3강 불굴 잠식된 방패,"불굴의 힘이 방패에 잠식 단계로 스며들어, 이제는 사용자의 의지마저 시험한다."
방패,불굴,4,+4강 불굴 삼켜진 방패,"불굴의 힘이 방패에 삼켜진 단계로 스며들어, 이제는 사용자의 의지마저 시험한다."
방패,불굴,5,+5강 불굴 숨 쉬는 방패,"불굴의 힘이 방패에 숨 쉬는 단계로 스며들어, 이제는 사용자의 의지마저 시험한다."
방패,불굴,6,+6강 불굴 속삭이는 방패,"불굴의 힘이 방패에 속삭이는 단계로 스며들어, 이제는 사용자의 의지마저 시험한다."
방패,불굴,7,+7강 불굴 의지를 가진 방패,"불굴의 힘이 방패에 의지를 가진 단계로 스며들어, 이제는 사용자의 의지마저 시험한다."
방패,불굴,8,+8강 불굴 시험하는 방패,"불굴의 힘이 방패에 시험하는 단계로 스며들어, 이제는 사용자의 의지마저 시험한다."
방패,불굴,9,+9강 불굴 명령하는 방패,"불굴의 힘이 방패에 명령하는 단계로 스며들어, 이제는 사용자의 의지마저 시험한다."
방패,불굴,10,+10강 불굴 주인이 된 방패,"불굴의 힘이 방패에 주인이  단계로 스며들어, 이제는 사용자의 의지마저 시험한다."
방패,불굴,11,+11강 불굴 굴복시킨 방패,"불굴의 힘이 방패에 굴복시킨 단계로 스며들어, 이제는 사용자의 의지마저 시험한다."
방패,불굴,12,+12강 불굴 피를 요구하는 방패,"불굴의 힘이 방패에 피를 요구하는 단계로 스며들어, 이제는 사용자의 의지마저 시험한다."
방패,불굴,13,+13강 불굴 전장을 뒤덮는 방패,"불굴의 힘이 방패에 전장을 뒤덮는 단계로 스며들어, 이제는 사용자의 의지마저 시험한다."
방패,불굴,14,+14강 불굴 영혼을 침식하는 방패,"불굴의 힘이 방패에 영혼을 침식하는 단계로 스며들어, 이제는 사용자의 의지마저 시험한다."
방패,불굴,15,+15강 불굴 재앙이 된 방패,"불굴의 힘이 방패에 재앙이  단계로 스며들어, 이제는 사용자의 의지마저 시험한다."
방패,불굴,16,+16강 불굴 세계에 뿌리내린 방패,"불굴의 힘이 방패에 세계에 뿌리내린 단계로 스며들어, 이제는 사용자의 의지마저 시험한다."
방패,불굴,17,+17강 불굴 질서를 뒤흔드는 방패,"불굴의 힘이 방패에 질서를 뒤흔드는 단계로 스며들어, 이제는 사용자의 의지마저 시험한다."
방패,불굴,18,+18강 불굴 세계를 삼키는 방패,"불굴의 힘이 방패에 세계를 삼키는 단계로 스며들어, 이제는 사용자의 의지마저 시험한다."
방패,불굴,19,+19강 불굴 모든 것을 집어삼킨 방패,"불굴의 힘이 방패에 모든 것을 집어삼킨 단계로 스며들어, 이제는 사용자의 의지마저 시험한다."
방패,불굴,20,+20강 불굴 그 자체가 된 방패,"불굴의 힘이 방패에 그 자체가  단계로 스며들어, 이제는 사용자의 의지마저 시험한다."
방패,반격,0,+0강 반격 흔적만 남은 방패,"반격의 힘이 방패에 흔적만 남은 단계로 스며들어, 이제는 사용자의 의지마저 시험한다."
방패,반격,1,+1강 반격 깃든 방패,"반격의 힘이 방패에 깃든 단계로 스며들어, 이제는 사용자의 의지마저 시험한다."
방패,반격,2,+2강 반격 뒤얽힌 방패,"반격의 힘이 방패에 뒤얽힌 단계로 스며들어, 이제는 사용자의 의지마저 시험한다."
방패,반격,3,+3강 반격 잠식된 방패,"반격의 힘이 방패에 잠식 단계로 스며들어, 이제는 사용자의 의지마저 시험한다."
방패,반격,4,+4강 반격 삼켜진 방패,"반격의 힘이 방패에 삼켜진 단계로 스며들어, 이제는 사용자의 의지마저 시험한다."
방패,반격,5,+5강 반격 숨 쉬는 방패,"반격의 힘이 방패에 숨 쉬는 단계로 스며들어, 이제는 사용자의 의지마저 시험한다."
방패,반격,6,+6강 반격 속삭이는 방패,"반격의 힘이 방패에 속삭이는 단계로 스며들어, 이제는 사용자의 의지마저 시험한다."
방패,반격,7,+7강 반격 의지를 가진 방패,"반격의 힘이 방패에 의지를 가진 단계로 스며들어, 이제는 사용자의 의지마저 시험한다."
방패,반격,8,+8강 반격 시험하는 방패,"반격의 힘이 방패에 시험하는 단계로 스며들어, 이제는 사용자의 의지마저 시험한다."
방패,반격,9,+9강 반격 명령하는 방패,"반격의 힘이 방패에 명령하는 단계로 스며들어, 이제는 사용자의 의지마저 시험한다."
방패,반격,10,+10강 반격 주인이 된 방패,"반격의 힘이 방패에 주인이  단계로 스며들어, 이제는 사용자의 의지마저 시험한다."
방패,반격,11,+11강 반격 굴복시킨 방패,"반격의 힘이 방패에 굴복시킨 단계로 스며들어, 이제는 사용자의 의지마저 시험한다."
방패,반격,12,+12강 반격 피를 요구하는 방패,"반격의 힘이 방패에 피를 요구하는 단계로 스며들어, 이제는 사용자의 의지마저 시험한다."
방패,반격,13,+13강 반격 전장을 뒤덮는 방패,"반격의 힘이 방패에 전장을 뒤덮는 단계로 스며들어, 이제는 사용자의 의지마저 시험한다."
방패,반격,14,+14강 반격 영혼을 침식하는 방패,"반격의 힘이 방패에 영혼을 침식하는 단계로 스며들어, 이제는 사용자의 의지마저 시험한다."
방패,반격,15,+15강 반격 재앙이 된 방패,"반격의 힘이 방패에 재앙이  단계로 스며들어, 이제는 사용자의 의지마저 시험한다."
방패,반격,16,+16강 반격 세계에 뿌리내린 방패,"반격의 힘이 방패에 세계에 뿌리내린 단계로 스며들어, 이제는 사용자의 의지마저 시험한다."
방패,반격,17,+17강 반격 질서를 뒤흔드는 방패,"반격의 힘이 방패에 질서를 뒤흔드는 단계로 스며들어, 이제는 사용자의 의지마저 시험한다."
방패,반격,18,+18강 반격 세계를 삼키는 방패,"반격의 힘이 방패에 세계를 삼키는 단계로 스며들어, 이제는 사용자의 의지마저 시험한다."
방패,반격,19,+19강 반격 모든 것을 집어삼킨 방패,"반격의 힘이 방패에 모든 것을 집어삼킨 단계로 스며들어, 이제는 사용자의 의지마저 시험한다."
방패,반격,20,+20강 반격 그 자체가 된 방패,"반격의 힘이 방패에 그 자체가  단계로 스며들어, 이제는 사용자의 의지마저 시험한다."
방패,요새,0,+0강 요새 흔적만 남은 방패,"요새의 힘이 방패에 흔적만 남은 단계로 스며들어, 이제는 사용자의 의지마저 시험한다."
방패,요새,1,+1강 요새 깃든 방패,"요새의 힘이 방패에 깃든 단계로 스며들어, 이제는 사용자의 의지마저 시험한다."
방패,요새,2,+2강 요새 뒤얽힌 방패,"요새의 힘이 방패에 뒤얽힌 단계로 스며들어, 이제는 사용자의 의지마저 시험한다."
방패,요새,3,+3강 요새 잠식된 방패,"요새의 힘이 방패에 잠식 단계로 스며들어, 이제는 사용자의 의지마저 시험한다."
방패,요새,4,+4강 요새 삼켜진 방패,"요새의 힘이 방패에 삼켜진 단계로 스며들어, 이제는 사용자의 의지마저 시험한다."
방패,요새,5,+5강 요새 숨 쉬는 방패,"요새의 힘이 방패에 숨 쉬는 단계로 스며들어, 이제는 사용자의 의지마저 시험한다."
방패,요새,6,+6강 요새 속삭이는 방패,"요새의 힘이 방패에 속삭이는 단계로 스며들어, 이제는 사용자의 의지마저 시험한다."
방패,요새,7,+7강 요새 의지를 가진 방패,"요새의 힘이 방패에 의지를 가진 단계로 스며들어, 이제는 사용자의 의지마저 시험한다."
방패,요새,8,+8강 요새 시험하는 방패,"요새의 힘이 방패에 시험하는 단계로 스며들어, 이제는 사용자의 의지마저 시험한다."
방패,요새,9,+9강 요새 명령하는 방패,"요새의 힘이 방패에 명령하는 단계로 스며들어, 이제는 사용자의 의지마저 시험한다."
방패,요새,10,+10강 요새 주인이 된 방패,"요새의 힘이 방패에 주인이  단계로 스며들어, 이제는 사용자의 의지마저 시험한다."
방패,요새,11,+11강 요새 굴복시킨 방패,"요새의 힘이 방패에 굴복시킨 단계로 스며들어, 이제는 사용자의 의지마저 시험한다."
방패,요새,12,+12강 요새 피를 요구하는 방패,"요새의 힘이 방패에 피를 요구하는 단계로 스며들어, 이제는 사용자의 의지마저 시험한다."
방패,요새,13,+13강 요새 전장을 뒤덮는 방패,"요새의 힘이 방패에 전장을 뒤덮는 단계로 스며들어, 이제는 사용자의 의지마저 시험한다."
방패,요새,14,+14강 요새 영혼을 침식하는 방패,"요새의 힘이 방패에 영혼을 침식하는 단계로 스며들어, 이제는 사용자의 의지마저 시험한다."
방패,요새,15,+15강 요새 재앙이 된 방패,"요새의 힘이 방패에 재앙이  단계로 스며들어, 이제는 사용자의 의지마저 시험한다."
방패,요새,16,+16강 요새 세계에 뿌리내린 방패,"요새의 힘이 방패에 세계에 뿌리내린 단계로 스며들어, 이제는 사용자의 의지마저 시험한다."
방패,요새,17,+17강 요새 질서를 뒤흔드는 방패,"요새의 힘이 방패에 질서를 뒤흔드는 단계로 스며들어, 이제는 사용자의 의지마저 시험한다."
방패,요새,18,+18강 요새 세계를 삼키는 방패,"요새의 힘이 방패에 세계를 삼키는 단계로 스며들어, 이제는 사용자의 의지마저 시험한다."
방패,요새,19,+19강 요새 모든 것을 집어삼킨 방패,"요새의 힘이 방패에 모든 것을 집어삼킨 단계로 스며들어, 이제는 사용자의 의지마저 시험한다."
방패,요새,20,+20강 요새 그 자체가 된 방패,"요새의 힘이 방패에 그 자체가  단계로 스며들어, 이제는 사용자의 의지마저 시험한다."
방패,심판,0,+0강 심판 흔적만 남은 방패,"심판의 힘이 방패에 흔적만 남은 단계로 스며들어, 이제는 사용자의 의지마저 시험한다."
방패,심판,1,+1강 심판 깃든 방패,"심판의 힘이 방패에 깃든 단계로 스며들어, 이제는 사용자의 의지마저 시험한다."
방패,심판,2,+2강 심판 뒤얽힌 방패,"심판의 힘이 방패에 뒤얽힌 단계로 스며들어, 이제는 사용자의 의지마저 시험한다."
방패,심판,3,+3강 심판 잠식된 방패,"심판의 힘이 방패에 잠식 단계로 스며들어, 이제는 사용자의 의지마저 시험한다."
방패,심판,4,+4강 심판 삼켜진 방패,"심판의 힘이 방패에 삼켜진 단계로 스며들어, 이제는 사용자의 의지마저 시험한다."
방패,심판,5,+5강 심판 숨 쉬는 방패,"심판의 힘이 방패에 숨 쉬는 단계로 스며들어, 이제는 사용자의 의지마저 시험한다."
방패,심판,6,+6강 심판 속삭이는 방패,"심판의 힘이 방패에 속삭이는 단계로 스며들어, 이제는 사용자의 의지마저 시험한다."
방패,심판,7,+7강 심판 의지를 가진 방패,"심판의 힘이 방패에 의지를 가진 단계로 스며들어, 이제는 사용자의 의지마저 시험한다."
방패,심판,8,+8강 심판 시험하는 방패,"심판의 힘이 방패에 시험하는 단계로 스며들어, 이제는 사용자의 의지마저 시험한다."
방패,심판,9,+9강 심판 명령하는 방패,"심판의 힘이 방패에 명령하는 단계로 스며들어, 이제는 사용자의 의지마저 시험한다."
방패,심판,10,+10강 심판 주인이 된 방패,"심판의 힘이 방패에 주인이  단계로 스며들어, 이제는 사용자의 의지마저 시험한다."
방패,심판,11,+11강 심판 굴복시킨 방패,"심판의 힘이 방패에 굴복시킨 단계로 스며들어, 이제는 사용자의 의지마저 시험한다."
방패,심판,12,+12강 심판 피를 요구하는 방패,"심판의 힘이 방패에 피를 요구하는 단계로 스며들어, 이제는 사용자의 의지마저 시험한다."
방패,심판,13,+13강 심판 전장을 뒤덮는 방패,"심판의 힘이 방패에 전장을 뒤덮는 단계로 스며들어, 이제는 사용자의 의지마저 시험한다."
방패,심판,14,+14강 심판 영혼을 침식하는 방패,"심판의 힘이 방패에 영혼을 침식하는 단계로 스며들어, 이제는 사용자의 의지마저 시험한다."
방패,심판,15,+15강 심판 재앙이 된 방패,"심판의 힘이 방패에 재앙이  단계로 스며들어, 이제는 사용자의 의지마저 시험한다."
방패,심판,16,+16강 심판 세계에 뿌리내린 방패,"심판의 힘이 방패에 세계에 뿌리내린 단계로 스며들어, 이제는 사용자의 의지마저 시험한다."
방패,심판,17,+17강 심판 질서를 뒤흔드는 방패,"심판의 힘이 방패에 질서를 뒤흔드는 단계로 스며들어, 이제는 사용자의 의지마저 시험한다."
방패,심판,18,+18강 심판 세계를 삼키는 방패,"심판의 힘이 방패에 세계를 삼키는 단계로 스며들어, 이제는 사용자의 의지마저 시험한다."
방패,심판,19,+19강 심판 모든 것을 집어삼킨 방패,"심판의 힘이 방패에 모든 것을 집어삼킨 단계로 스며들어, 이제는 사용자의 의지마저 시험한다."
방패,심판,20,+20강 심판 그 자체가 된 방패,"심판의 힘이 방패에 그 자체가  단계로 스며들어, 이제는 사용자의 의지마저 시험한다."
방패,지배,0,+0강 지배 흔적만 남은 방패,"지배의 힘이 방패에 흔적만 남은 단계로 스며들어, 이제는 사용자의 의지마저 시험한다."
방패,지배,1,+1강 지배 깃든 방패,"지배의 힘이 방패에 깃든 단계로 스며들어, 이제는 사용자의 의지마저 시험한다."
방패,지배,2,+2강 지배 뒤얽힌 방패,"지배의 힘이 방패에 뒤얽힌 단계로 스며들어, 이제는 사용자의 의지마저 시험한다."
방패,지배,3,+3강 지배 잠식된 방패,"지배의 힘이 방패에 잠식 단계로 스며들어, 이제는 사용자의 의지마저 시험한다."
방패,지배,4,+4강 지배 삼켜진 방패,"지배의 힘이 방패에 삼켜진 단계로 스며들어, 이제는 사용자의 의지마저 시험한다."
방패,지배,5,+5강 지배 숨 쉬는 방패,"지배의 힘이 방패에 숨 쉬는 단계로 스며들어, 이제는 사용자의 의지마저 시험한다."
방패,지배,6,+6강 지배 속삭이는 방패,"지배의 힘이 방패에 속삭이는 단계로 스며들어, 이제는 사용자의 의지마저 시험한다."
방패,지배,7,+7강 지배 의지를 가진 방패,"지배의 힘이 방패에 의지를 가진 단계로 스며들어, 이제는 사용자의 의지마저 시험한다."
방패,지배,8,+8강 지배 시험하는 방패,"지배의 힘이 방패에 시험하는 단계로 스며들어, 이제는 사용자의 의지마저 시험한다."
방패,지배,9,+9강 지배 명령하는 방패,"지배의 힘이 방패에 명령하는 단계로 스며들어, 이제는 사용자의 의지마저 시험한다."
방패,지배,10,+10강 지배 주인이 된 방패,"지배의 힘이 방패에 주인이  단계로 스며들어, 이제는 사용자의 의지마저 시험한다."
방패,지배,11,+11강 지배 굴복시킨 방패,"지배의 힘이 방패에 굴복시킨 단계로 스며들어, 이제는 사용자의 의지마저 시험한다."
방패,지배,12,+12강 지배 피를 요구하는 방패,"지배의 힘이 방패에 피를 요구하는 단계로 스며들어, 이제는 사용자의 의지마저 시험한다."
방패,지배,13,+13강 지배 전장을 뒤덮는 방패,"지배의 힘이 방패에 전장을 뒤덮는 단계로 스며들어, 이제는 사용자의 의지마저 시험한다."
방패,지배,14,+14강 지배 영혼을 침식하는 방패,"지배의 힘이 방패에 영혼을 침식하는 단계로 스며들어, 이제는 사용자의 의지마저 시험한다."
방패,지배,15,+15강 지배 재앙이 된 방패,"지배의 힘이 방패에 재앙이  단계로 스며들어, 이제는 사용자의 의지마저 시험한다."
방패,지배,16,+16강 지배 세계에 뿌리내린 방패,"지배의 힘이 방패에 세계에 뿌리내린 단계로 스며들어, 이제는 사용자의 의지마저 시험한다."
방패,지배,17,+17강 지배 질서를 뒤흔드는 방패,"지배의 힘이 방패에 질서를 뒤흔드는 단계로 스며들어, 이제는 사용자의 의지마저 시험한다."
방패,지배,18,+18강 지배 세계를 삼키는 방패,"지배의 힘이 방패에 세계를 삼키는 단계로 스며들어, 이제는 사용자의 의지마저 시험한다."
방패,지배,19,+19강 지배 모든 것을 집어삼킨 방패,"지배의 힘이 방패에 모든 것을 집어삼킨 단계로 스며들어, 이제는 사용자의 의지마저 시험한다."
방패,지배,20,+20강 지배 그 자체가 된 방패,"지배의 힘이 방패에 그 자체가  단계로 스며들어, 이제는 사용자의 의지마저 시험한다."
방패,침묵,0,+0강 침묵 흔적만 남은 방패,"침묵의 힘이 방패에 흔적만 남은 단계로 스며들어, 이제는 사용자의 의지마저 시험한다."
방패,침묵,1,+1강 침묵 깃든 방패,"침묵의 힘이 방패에 깃든 단계로 스며들어, 이제는 사용자의 의지마저 시험한다."
방패,침묵,2,+2강 침묵 뒤얽힌 방패,"침묵의 힘이 방패에 뒤얽힌 단계로 스며들어, 이제는 사용자의 의지마저 시험한다."
방패,침묵,3,+3강 침묵 잠식된 방패,"침묵의 힘이 방패에 잠식 단계로 스며들어, 이제는 사용자의 의지마저 시험한다."
방패,침묵,4,+4강 침묵 삼켜진 방패,"침묵의 힘이 방패에 삼켜진 단계로 스며들어, 이제는 사용자의 의지마저 시험한다."
방패,침묵,5,+5강 침묵 숨 쉬는 방패,"침묵의 힘이 방패에 숨 쉬는 단계로 스며들어, 이제는 사용자의 의지마저 시험한다."
방패,침묵,6,+6강 침묵 속삭이는 방패,"침묵의 힘이 방패에 속삭이는 단계로 스며들어, 이제는 사용자의 의지마저 시험한다."
방패,침묵,7,+7강 침묵 의지를 가진 방패,"침묵의 힘이 방패에 의지를 가진 단계로 스며들어, 이제는 사용자의 의지마저 시험한다."
방패,침묵,8,+8강 침묵 시험하는 방패,"침묵의 힘이 방패에 시험하는 단계로 스며들어, 이제는 사용자의 의지마저 시험한다."
방패,침묵,9,+9강 침묵 명령하는 방패,"침묵의 힘이 방패에 명령하는 단계로 스며들어, 이제는 사용자의 의지마저 시험한다."
방패,침묵,10,+10강 침묵 주인이 된 방패,"침묵의 힘이 방패에 주인이  단계로 스며들어, 이제는 사용자의 의지마저 시험한다."
방패,침묵,11,+11강 침묵 굴복시킨 방패,"침묵의 힘이 방패에 굴복시킨 단계로 스며들어, 이제는 사용자의 의지마저 시험한다."
방패,침묵,12,+12강 침묵 피를 요구하는 방패,"침묵의 힘이 방패에 피를 요구하는 단계로 스며들어, 이제는 사용자의 의지마저 시험한다."
방패,침묵,13,+13강 침묵 전장을 뒤덮는 방패,"침묵의 힘이 방패에 전장을 뒤덮는 단계로 스며들어, 이제는 사용자의 의지마저 시험한다."
방패,침묵,14,+14강 침묵 영혼을 침식하는 방패,"침묵의 힘이 방패에 영혼을 침식하는 단계로 스며들어, 이제는 사용자의 의지마저 시험한다."
방패,침묵,15,+15강 침묵 재앙이 된 방패,"침묵의 힘이 방패에 재앙이  단계로 스며들어, 이제는 사용자의 의지마저 시험한다."
방패,침묵,16,+16강 침묵 세계에 뿌리내린 방패,"침묵의 힘이 방패에 세계에 뿌리내린 단계로 스며들어, 이제는 사용자의 의지마저 시험한다."
방패,침묵,17,+17강 침묵 질서를 뒤흔드는 방패,"침묵의 힘이 방패에 질서를 뒤흔드는 단계로 스며들어, 이제는 사용자의 의지마저 시험한다."
방패,침묵,18,+18강 침묵 세계를 삼키는 방패,"침묵의 힘이 방패에 세계를 삼키는 단계로 스며들어, 이제는 사용자의 의지마저 시험한다."
방패,침묵,19,+19강 침묵 모든 것을 집어삼킨 방패,"침묵의 힘이 방패에 모든 것을 집어삼킨 단계로 스며들어, 이제는 사용자의 의지마저 시험한다."
방패,침묵,20,+20강 침묵 그 자체가 된 방패,"침묵의 힘이 방패에 그 자체가  단계로 스며들어, 이제는 사용자의 의지마저 시험한다."
방패,압도,0,+0강 압도 흔적만 남은 방패,"압도의 힘이 방패에 흔적만 남은 단계로 스며들어, 이제는 사용자의 의지마저 시험한다."
방패,압도,1,+1강 압도 깃든 방패,"압도의 힘이 방패에 깃든 단계로 스며들어, 이제는 사용자의 의지마저 시험한다."
방패,압도,2,+2강 압도 뒤얽힌 방패,"압도의 힘이 방패에 뒤얽힌 단계로 스며들어, 이제는 사용자의 의지마저 시험한다."
방패,압도,3,+3강 압도 잠식된 방패,"압도의 힘이 방패에 잠식 단계로 스며들어, 이제는 사용자의 의지마저 시험한다."
방패,압도,4,+4강 압도 삼켜진 방패,"압도의 힘이 방패에 삼켜진 단계로 스며들어, 이제는 사용자의 의지마저 시험한다."
방패,압도,5,+5강 압도 숨 쉬는 방패,"압도의 힘이 방패에 숨 쉬는 단계로 스며들어, 이제는 사용자의 의지마저 시험한다."
방패,압도,6,+6강 압도 속삭이는 방패,"압도의 힘이 방패에 속삭이는 단계로 스며들어, 이제는 사용자의 의지마저 시험한다."
방패,압도,7,+7강 압도 의지를 가진 방패,"압도의 힘이 방패에 의지를 가진 단계로 스며들어, 이제는 사용자의 의지마저 시험한다."
방패,압도,8,+8강 압도 시험하는 방패,"압도의 힘이 방패에 시험하는 단계로 스며들어, 이제는 사용자의 의지마저 시험한다."
방패,압도,9,+9강 압도 명령하는 방패,"압도의 힘이 방패에 명령하는 단계로 스며들어, 이제는 사용자의 의지마저 시험한다."
방패,압도,10,+10강 압도 주인이 된 방패,"압도의 힘이 방패에 주인이  단계로 스며들어, 이제는 사용자의 의지마저 시험한다."
방패,압도,11,+11강 압도 굴복시킨 방패,"압도의 힘이 방패에 굴복시킨 단계로 스며들어, 이제는 사용자의 의지마저 시험한다."
방패,압도,12,+12강 압도 피를 요구하는 방패,"압도의 힘이 방패에 피를 요구하는 단계로 스며들어, 이제는 사용자의 의지마저 시험한다."
방패,압도,13,+13강 압도 전장을 뒤덮는 방패,"압도의 힘이 방패에 전장을 뒤덮는 단계로 스며들어, 이제는 사용자의 의지마저 시험한다."
방패,압도,14,+14강 압도 영혼을 침식하는 방패,"압도의 힘이 방패에 영혼을 침식하는 단계로 스며들어, 이제는 사용자의 의지마저 시험한다."
방패,압도,15,+15강 압도 재앙이 된 방패,"압도의 힘이 방패에 재앙이  단계로 스며들어, 이제는 사용자의 의지마저 시험한다."
방패,압도,16,+16강 압도 세계에 뿌리내린 방패,"압도의 힘이 방패에 세계에 뿌리내린 단계로 스며들어, 이제는 사용자의 의지마저 시험한다."
방패,압도,17,+17강 압도 질서를 뒤흔드는 방패,"압도의 힘이 방패에 질서를 뒤흔드는 단계로 스며들어, 이제는 사용자의 의지마저 시험한다."
방패,압도,18,+18강 압도 세계를 삼키는 방패,"압도의 힘이 방패에 세계를 삼키는 단계로 스며들어, 이제는 사용자의 의지마저 시험한다."
방패,압도,19,+19강 압도 모든 것을 집어삼킨 방패,"압도의 힘이 방패에 모든 것을 집어삼킨 단계로 스며들어, 이제는 사용자의 의지마저 시험한다."
방패,압도,20,+20강 압도 그 자체가 된 방패,"압도의 힘이 방패에 그 자체가  단계로 스며들어, 이제는 사용자의 의지마저 시험한다."
방패,절대,0,+0강 절대 흔적만 남은 방패,"절대의 힘이 방패에 흔적만 남은 단계로 스며들어, 이제는 사용자의 의지마저 시험한다."
방패,절대,1,+1강 절대 깃든 방패,"절대의 힘이 방패에 깃든 단계로 스며들어, 이제는 사용자의 의지마저 시험한다."
방패,절대,2,+2강 절대 뒤얽힌 방패,"절대의 힘이 방패에 뒤얽힌 단계로 스며들어, 이제는 사용자의 의지마저 시험한다."
방패,절대,3,+3강 절대 잠식된 방패,"절대의 힘이 방패에 잠식 단계로 스며들어, 이제는 사용자의 의지마저 시험한다."
방패,절대,4,+4강 절대 삼켜진 방패,"절대의 힘이 방패에 삼켜진 단계로 스며들어, 이제는 사용자의 의지마저 시험한다."
방패,절대,5,+5강 절대 숨 쉬는 방패,"절대의 힘이 방패에 숨 쉬는 단계로 스며들어, 이제는 사용자의 의지마저 시험한다."
방패,절대,6,+6강 절대 속삭이는 방패,"절대의 힘이 방패에 속삭이는 단계로 스며들어, 이제는 사용자의 의지마저 시험한다."
방패,절대,7,+7강 절대 의지를 가진 방패,"절대의 힘이 방패에 의지를 가진 단계로 스며들어, 이제는 사용자의 의지마저 시험한다."
방패,절대,8,+8강 절대 시험하는 방패,"절대의 힘이 방패에 시험하는 단계로 스며들어, 이제는 사용자의 의지마저 시험한다."
방패,절대,9,+9강 절대 명령하는 방패,"절대의 힘이 방패에 명령하는 단계로 스며들어, 이제는 사용자의 의지마저 시험한다."
방패,절대,10,+10강 절대 주인이 된 방패,"절대의 힘이 방패에 주인이  단계로 스며들어, 이제는 사용자의 의지마저 시험한다."
방패,절대,11,+11강 절대 굴복시킨 방패,"절대의 힘이 방패에 굴복시킨 단계로 스며들어, 이제는 사용자의 의지마저 시험한다."
방패,절대,12,+12강 절대 피를 요구하는 방패,"절대의 힘이 방패에 피를 요구하는 단계로 스며들어, 이제는 사용자의 의지마저 시험한다."
방패,절대,13,+13강 절대 전장을 뒤덮는 방패,"절대의 힘이 방패에 전장을 뒤덮는 단계로 스며들어, 이제는 사용자의 의지마저 시험한다."
방패,절대,14,+14강 절대 영혼을 침식하는 방패,"절대의 힘이 방패에 영혼을 침식하는 단계로 스며들어, 이제는 사용자의 의지마저 시험한다."
방패,절대,15,+15강 절대 재앙이 된 방패,"절대의 힘이 방패에 재앙이  단계로 스며들어, 이제는 사용자의 의지마저 시험한다."
방패,절대,16,+16강 절대 세계에 뿌리내린 방패,"절대의 힘이 방패에 세계에 뿌리내린 단계로 스며들어, 이제는 사용자의 의지마저 시험한다."
방패,절대,17,+17강 절대 질서를 뒤흔드는 방패,"절대의 힘이 방패에 질서를 뒤흔드는 단계로 스며들어, 이제는 사용자의 의지마저 시험한다."
방패,절대,18,+18강 절대 세계를 삼키는 방패,"절대의 힘이 방패에 세계를 삼키는 단계로 스며들어, 이제는 사용자의 의지마저 시험한다."
방패,절대,19,+19강 절대 모든 것을 집어삼킨 방패,"절대의 힘이 방패에 모든 것을 집어삼킨 단계로 스며들어, 이제는 사용자의 의지마저 시험한다."
방패,절대,20,+20강 절대 그 자체가 된 방패,"절대의 힘이 방패에 그 자체가  단계로 스며들어, 이제는 사용자의 의지마저 시험한다."
방패,불멸,0,+0강 불멸 흔적만 남은 방패,"불멸의 힘이 방패에 흔적만 남은 단계로 스며들어, 이제는 사용자의 의지마저 시험한다."
방패,불멸,1,+1강 불멸 깃든 방패,"불멸의 힘이 방패에 깃든 단계로 스며들어, 이제는 사용자의 의지마저 시험한다."
방패,불멸,2,+2강 불멸 뒤얽힌 방패,"불멸의 힘이 방패에 뒤얽힌 단계로 스며들어, 이제는 사용자의 의지마저 시험한다."
방패,불멸,3,+3강 불멸 잠식된 방패,"불멸의 힘이 방패에 잠식 단계로 스며들어, 이제는 사용자의 의지마저 시험한다."
방패,불멸,4,+4강 불멸 삼켜진 방패,"불멸의 힘이 방패에 삼켜진 단계로 스며들어, 이제는 사용자의 의지마저 시험한다."
방패,불멸,5,+5강 불멸 숨 쉬는 방패,"불멸의 힘이 방패에 숨 쉬는 단계로 스며들어, 이제는 사용자의 의지마저 시험한다."
방패,불멸,6,+6강 불멸 속삭이는 방패,"불멸의 힘이 방패에 속삭이는 단계로 스며들어, 이제는 사용자의 의지마저 시험한다."
방패,불멸,7,+7강 불멸 의지를 가진 방패,"불멸의 힘이 방패에 의지를 가진 단계로 스며들어, 이제는 사용자의 의지마저 시험한다."
방패,불멸,8,+8강 불멸 시험하는 방패,"불멸의 힘이 방패에 시험하는 단계로 스며들어, 이제는 사용자의 의지마저 시험한다."
방패,불멸,9,+9강 불멸 명령하는 방패,"불멸의 힘이 방패에 명령하는 단계로 스며들어, 이제는 사용자의 의지마저 시험한다."
방패,불멸,10,+10강 불멸 주인이 된 방패,"불멸의 힘이 방패에 주인이  단계로 스며들어, 이제는 사용자의 의지마저 시험한다."
방패,불멸,11,+11강 불멸 굴복시킨 방패,"불멸의 힘이 방패에 굴복시킨 단계로 스며들어, 이제는 사용자의 의지마저 시험한다."
방패,불멸,12,+12강 불멸 피를 요구하는 방패,"불멸의 힘이 방패에 피를 요구하는 단계로 스며들어, 이제는 사용자의 의지마저 시험한다."
방패,불멸,13,+13강 불멸 전장을 뒤덮는 방패,"불멸의 힘이 방패에 전장을 뒤덮는 단계로 스며들어, 이제는 사용자의 의지마저 시험한다."
방패,불멸,14,+14강 불멸 영혼을 침식하는 방패,"불멸의 힘이 방패에 영혼을 침식하는 단계로 스며들어, 이제는 사용자의 의지마저 시험한다."
방패,불멸,15,+15강 불멸 재앙이 된 방패,"불멸의 힘이 방패에 재앙이  단계로 스며들어, 이제는 사용자의 의지마저 시험한다."
방패,불멸,16,+16강 불멸 세계에 뿌리내린 방패,"불멸의 힘이 방패에 세계에 뿌리내린 단계로 스며들어, 이제는 사용자의 의지마저 시험한다."
방패,불멸,17,+17강 불멸 질서를 뒤흔드는 방패,"불멸의 힘이 방패에 질서를 뒤흔드는 단계로 스며들어, 이제는 사용자의 의지마저 시험한다."
방패,불멸,18,+18강 불멸 세계를 삼키는 방패,"불멸의 힘이 방패에 세계를 삼키는 단계로 스며들어, 이제는 사용자의 의지마저 시험한다."
방패,불멸,19,+19강 불멸 모든 것을 집어삼킨 방패,"불멸의 힘이 방패에 모든 것을 집어삼킨 단계로 스며들어, 이제는 사용자의 의지마저 시험한다."
방패,불멸,20,+20강 불멸 그 자체가 된 방패,"불멸의 힘이 방패에 그 자체가  단계로 스며들어, 이제는 사용자의 의지마저 시험한다."
활,사냥,0,+0강 사냥 흔적만 남은 활,"사냥의 힘이 활에 흔적만 남은 단계로 스며들어, 이제는 사용자의 의지마저 시험한다."
활,사냥,1,+1강 사냥 깃든 활,"사냥의 힘이 활에 깃든 단계로 스며들어, 이제는 사용자의 의지마저 시험한다."
활,사냥,2,+2강 사냥 뒤얽힌 활,"사냥의 힘이 활에 뒤얽힌 단계로 스며들어, 이제는 사용자의 의지마저 시험한다."
활,사냥,3,+3강 사냥 잠식된 활,"사냥의 힘이 활에 잠식 단계로 스며들어, 이제는 사용자의 의지마저 시험한다."
활,사냥,4,+4강 사냥 삼켜진 활,"사냥의 힘이 활에 삼켜진 단계로 스며들어, 이제는 사용자의 의지마저 시험한다."
활,사냥,5,+5강 사냥 숨 쉬는 활,"사냥의 힘이 활에 숨 쉬는 단계로 스며들어, 이제는 사용자의 의지마저 시험한다."
활,사냥,6,+6강 사냥 속삭이는 활,"사냥의 힘이 활에 속삭이는 단계로 스며들어, 이제는 사용자의 의지마저 시험한다."
활,사냥,7,+7강 사냥 의지를 가진 활,"사냥의 힘이 활에 의지를 가진 단계로 스며들어, 이제는 사용자의 의지마저 시험한다."
활,사냥,8,+8강 사냥 시험하는 활,"사냥의 힘이 활에 시험하는 단계로 스며들어, 이제는 사용자의 의지마저 시험한다."
활,사냥,9,+9강 사냥 명령하는 활,"사냥의 힘이 활에 명령하는 단계로 스며들어, 이제는 사용자의 의지마저 시험한다."
활,사냥,10,+10강 사냥 주인이 된 활,"사냥의 힘이 활에 주인이  단계로 스며들어, 이제는 사용자의 의지마저 시험한다."
활,사냥,11,+11강 사냥 굴복시킨 활,"사냥의 힘이 활에 굴복시킨 단계로 스며들어, 이제는 사용자의 의지마저 시험한다."
활,사냥,12,+12강 사냥 피를 요구하는 활,"사냥의 힘이 활에 피를 요구하는 단계로 스며들어, 이제는 사용자의 의지마저 시험한다."
활,사냥,13,+13강 사냥 전장을 뒤덮는 활,"사냥의 힘이 활에 전장을 뒤덮는 단계로 스며들어, 이제는 사용자의 의지마저 시험한다."
활,사냥,14,+14강 사냥 영혼을 침식하는 활,"사냥의 힘이 활에 영혼을 침식하는 단계로 스며들어, 이제는 사용자의 의지마저 시험한다."
활,사냥,15,+15강 사냥 재앙이 된 활,"사냥의 힘이 활에 재앙이  단계로 스며들어, 이제는 사용자의 의지마저 시험한다."
활,사냥,16,+16강 사냥 세계에 뿌리내린 활,"사냥의 힘이 활에 세계에 뿌리내린 단계로 스며들어, 이제는 사용자의 의지마저 시험한다."
활,사냥,17,+17강 사냥 질서를 뒤흔드는 활,"사냥의 힘이 활에 질서를 뒤흔드는 단계로 스며들어, 이제는 사용자의 의지마저 시험한다."
활,사냥,18,+18강 사냥 세계를 삼키는 활,"사냥의 힘이 활에 세계를 삼키는 단계로 스며들어, 이제는 사용자의 의지마저 시험한다."
활,사냥,19,+19강 사냥 모든 것을 집어삼킨 활,"사냥의 힘이 활에 모든 것을 집어삼킨 단계로 스며들어, 이제는 사용자의 의지마저 시험한다."
활,사냥,20,+20강 사냥 그 자체가 된 활,"사냥의 힘이 활에 그 자체가  단계로 스며들어, 이제는 사용자의 의지마저 시험한다."
활,관통,0,+0강 관통 흔적만 남은 활,"관통의 힘이 활에 흔적만 남은 단계로 스며들어, 이제는 사용자의 의지마저 시험한다."
활,관통,1,+1강 관통 깃든 활,"관통의 힘이 활에 깃든 단계로 스며들어, 이제는 사용자의 의지마저 시험한다."
활,관통,2,+2강 관통 뒤얽힌 활,"관통의 힘이 활에 뒤얽힌 단계로 스며들어, 이제는 사용자의 의지마저 시험한다."
활,관통,3,+3강 관통 잠식된 활,"관통의 힘이 활에 잠식 단계로 스며들어, 이제는 사용자의 의지마저 시험한다."
활,관통,4,+4강 관통 삼켜진 활,"관통의 힘이 활에 삼켜진 단계로 스며들어, 이제는 사용자의 의지마저 시험한다."
활,관통,5,+5강 관통 숨 쉬는 활,"관통의 힘이 활에 숨 쉬는 단계로 스며들어, 이제는 사용자의 의지마저 시험한다."
활,관통,6,+6강 관통 속삭이는 활,"관통의 힘이 활에 속삭이는 단계로 스며들어, 이제는 사용자의 의지마저 시험한다."
활,관통,7,+7강 관통 의지를 가진 활,"관통의 힘이 활에 의지를 가진 단계로 스며들어, 이제는 사용자의 의지마저 시험한다."
활,관통,8,+8강 관통 시험하는 활,"관통의 힘이 활에 시험하는 단계로 스며들어, 이제는 사용자의 의지마저 시험한다."
활,관통,9,+9강 관통 명령하는 활,"관통의 힘이 활에 명령하는 단계로 스며들어, 이제는 사용자의 의지마저 시험한다."
활,관통,10,+10강 관통 주인이 된 활,"관통의 힘이 활에 주인이  단계로 스며들어, 이제는 사용자의 의지마저 시험한다."
활,관통,11,+11강 관통 굴복시킨 활,"관통의 힘이 활에 굴복시킨 단계로 스며들어, 이제는 사용자의 의지마저 시험한다."
활,관통,12,+12강 관통 피를 요구하는 활,"관통의 힘이 활에 피를 요구하는 단계로 스며들어, 이제는 사용자의 의지마저 시험한다."
활,관통,13,+13강 관통 전장을 뒤덮는 활,"관통의 힘이 활에 전장을 뒤덮는 단계로 스며들어, 이제는 사용자의 의지마저 시험한다."
활,관통,14,+14강 관통 영혼을 침식하는 활,"관통의 힘이 활에 영혼을 침식하는 단계로 스며들어, 이제는 사용자의 의지마저 시험한다."
활,관통,15,+15강 관통 재앙이 된 활,"관통의 힘이 활에 재앙이  단계로 스며들어, 이제는 사용자의 의지마저 시험한다."
활,관통,16,+16강 관통 세계에 뿌리내린 활,"관통의 힘이 활에 세계에 뿌리내린 단계로 스며들어, 이제는 사용자의 의지마저 시험한다."
활,관통,17,+17강 관통 질서를 뒤흔드는 활,"관통의 힘이 활에 질서를 뒤흔드는 단계로 스며들어, 이제는 사용자의 의지마저 시험한다."
활,관통,18,+18강 관통 세계를 삼키는 활,"관통의 힘이 활에 세계를 삼키는 단계로 스며들어, 이제는 사용자의 의지마저 시험한다."
활,관통,19,+19강 관통 모든 것을 집어삼킨 활,"관통의 힘이 활에 모든 것을 집어삼킨 단계로 스며들어, 이제는 사용자의 의지마저 시험한다."
활,관통,20,+20강 관통 그 자체가 된 활,"관통의 힘이 활에 그 자체가  단계로 스며들어, 이제는 사용자의 의지마저 시험한다."
활,예언,0,+0강 예언 흔적만 남은 활,"예언의 힘이 활에 흔적만 남은 단계로 스며들어, 이제는 사용자의 의지마저 시험한다."
활,예언,1,+1강 예언 깃든 활,"예언의 힘이 활에 깃든 단계로 스며들어, 이제는 사용자의 의지마저 시험한다."
활,예언,2,+2강 예언 뒤얽힌 활,"예언의 힘이 활에 뒤얽힌 단계로 스며들어, 이제는 사용자의 의지마저 시험한다."
활,예언,3,+3강 예언 잠식된 활,"예언의 힘이 활에 잠식 단계로 스며들어, 이제는 사용자의 의지마저 시험한다."
활,예언,4,+4강 예언 삼켜진 활,"예언의 힘이 활에 삼켜진 단계로 스며들어, 이제는 사용자의 의지마저 시험한다."
활,예언,5,+5강 예언 숨 쉬는 활,"예언의 힘이 활에 숨 쉬는 단계로 스며들어, 이제는 사용자의 의지마저 시험한다."
활,예언,6,+6강 예언 속삭이는 활,"예언의 힘이 활에 속삭이는 단계로 스며들어, 이제는 사용자의 의지마저 시험한다."
활,예언,7,+7강 예언 의지를 가진 활,"예언의 힘이 활에 의지를 가진 단계로 스며들어, 이제는 사용자의 의지마저 시험한다."
활,예언,8,+8강 예언 시험하는 활,"예언의 힘이 활에 시험하는 단계로 스며들어, 이제는 사용자의 의지마저 시험한다."
활,예언,9,+9강 예언 명령하는 활,"예언의 힘이 활에 명령하는 단계로 스며들어, 이제는 사용자의 의지마저 시험한다."
활,예언,10,+10강 예언 주인이 된 활,"예언의 힘이 활에 주인이  단계로 스며들어, 이제는 사용자의 의지마저 시험한다."
활,예언,11,+11강 예언 굴복시킨 활,"예언의 힘이 활에 굴복시킨 단계로 스며들어, 이제는 사용자의 의지마저 시험한다."
활,예언,12,+12강 예언 피를 요구하는 활,"예언의 힘이 활에 피를 요구하는 단계로 스며들어, 이제는 사용자의 의지마저 시험한다."
활,예언,13,+13강 예언 전장을 뒤덮는 활,"예언의 힘이 활에 전장을 뒤덮는 단계로 스며들어, 이제는 사용자의 의지마저 시험한다."
활,예언,14,+14강 예언 영혼을 침식하는 활,"예언의 힘이 활에 영혼을 침식하는 단계로 스며들어, 이제는 사용자의 의지마저 시험한다."
활,예언,15,+15강 예언 재앙이 된 활,"예언의 힘이 활에 재앙이  단계로 스며들어, 이제는 사용자의 의지마저 시험한다."
활,예언,16,+16강 예언 세계에 뿌리내린 활,"예언의 힘이 활에 세계에 뿌리내린 단계로 스며들어, 이제는 사용자의 의지마저 시험한다."
활,예언,17,+17강 예언 질서를 뒤흔드는 활,"예언의 힘이 활에 질서를 뒤흔드는 단계로 스며들어, 이제는 사용자의 의지마저 시험한다."
활,예언,18,+18강 예언 세계를 삼키는 활,"예언의 힘이 활에 세계를 삼키는 단계로 스며들어, 이제는 사용자의 의지마저 시험한다."
활,예언,19,+19강 예언 모든 것을 집어삼킨 활,"예언의 힘이 활에 모든 것을 집어삼킨 단계로 스며들어, 이제는 사용자의 의지마저 시험한다."
활,예언,20,+20강 예언 그 자체가 된 활,"예언의 힘이 활에 그 자체가  단계로 스며들어, 이제는 사용자의 의지마저 시험한다."
활,암살,0,+0강 암살 흔적만 남은 활,"암살의 힘이 활에 흔적만 남은 단계로 스며들어, 이제는 사용자의 의지마저 시험한다."
활,암살,1,+1강 암살 깃든 활,"암살의 힘이 활에 깃든 단계로 스며들어, 이제는 사용자의 의지마저 시험한다."
활,암살,2,+2강 암살 뒤얽힌 활,"암살의 힘이 활에 뒤얽힌 단계로 스며들어, 이제는 사용자의 의지마저 시험한다."
활,암살,3,+3강 암살 잠식된 활,"암살의 힘이 활에 잠식 단계로 스며들어, 이제는 사용자의 의지마저 시험한다."
활,암살,4,+4강 암살 삼켜진 활,"암살의 힘이 활에 삼켜진 단계로 스며들어, 이제는 사용자의 의지마저 시험한다."
활,암살,5,+5강 암살 숨 쉬는 활,"암살의 힘이 활에 숨 쉬는 단계로 스며들어, 이제는 사용자의 의지마저 시험한다."
활,암살,6,+6강 암살 속삭이는 활,"암살의 힘이 활에 속삭이는 단계로 스며들어, 이제는 사용자의 의지마저 시험한다."
활,암살,7,+7강 암살 의지를 가진 활,"암살의 힘이 활에 의지를 가진 단계로 스며들어, 이제는 사용자의 의지마저 시험한다."
활,암살,8,+8강 암살 시험하는 활,"암살의 힘이 활에 시험하는 단계로 스며들어, 이제는 사용자의 의지마저 시험한다."
활,암살,9,+9강 암살 명령하는 활,"암살의 힘이 활에 명령하는 단계로 스며들어, 이제는 사용자의 의지마저 시험한다."
활,암살,10,+10강 암살 주인이 된 활,"암살의 힘이 활에 주인이  단계로 스며들어, 이제는 사용자의 의지마저 시험한다."
활,암살,11,+11강 암살 굴복시킨 활,"암살의 힘이 활에 굴복시킨 단계로 스며들어, 이제는 사용자의 의지마저 시험한다."
활,암살,12,+12강 암살 피를 요구하는 활,"암살의 힘이 활에 피를 요구하는 단계로 스며들어, 이제는 사용자의 의지마저 시험한다."
활,암살,13,+13강 암살 전장을 뒤덮는 활,"암살의 힘이 활에 전장을 뒤덮는 단계로 스며들어, 이제는 사용자의 의지마저 시험한다."
활,암살,14,+14강 암살 영혼을 침식하는 활,"암살의 힘이 활에 영혼을 침식하는 단계로 스며들어, 이제는 사용자의 의지마저 시험한다."
활,암살,15,+15강 암살 재앙이 된 활,"암살의 힘이 활에 재앙이  단계로 스며들어, 이제는 사용자의 의지마저 시험한다."
활,암살,16,+16강 암살 세계에 뿌리내린 활,"암살의 힘이 활에 세계에 뿌리내린 단계로 스며들어, 이제는 사용자의 의지마저 시험한다."
활,암살,17,+17강 암살 질서를 뒤흔드는 활,"암살의 힘이 활에 질서를 뒤흔드는 단계로 스며들어, 이제는 사용자의 의지마저 시험한다."
활,암살,18,+18강 암살 세계를 삼키는 활,"암살의 힘이 활에 세계를 삼키는 단계로 스며들어, 이제는 사용자의 의지마저 시험한다."
활,암살,19,+19강 암살 모든 것을 집어삼킨 활,"암살의 힘이 활에 모든 것을 집어삼킨 단계로 스며들어, 이제는 사용자의 의지마저 시험한다."
활,암살,20,+20강 암살 그 자체가 된 활,"암살의 힘이 활에 그 자체가  단계로 스며들어, 이제는 사용자의 의지마저 시험한다."
활,추적,0,+0강 추적 흔적만 남은 활,"추적의 힘이 활에 흔적만 남은 단계로 스며들어, 이제는 사용자의 의지마저 시험한다."
활,추적,1,+1강 추적 깃든 활,"추적의 힘이 활에 깃든 단계로 스며들어, 이제는 사용자의 의지마저 시험한다."
활,추적,2,+2강 추적 뒤얽힌 활,"추적의 힘이 활에 뒤얽힌 단계로 스며들어, 이제는 사용자의 의지마저 시험한다."
활,추적,3,+3강 추적 잠식된 활,"추적의 힘이 활에 잠식 단계로 스며들어, 이제는 사용자의 의지마저 시험한다."
활,추적,4,+4강 추적 삼켜진 활,"추적의 힘이 활에 삼켜진 단계로 스며들어, 이제는 사용자의 의지마저 시험한다."
활,추적,5,+5강 추적 숨 쉬는 활,"추적의 힘이 활에 숨 쉬는 단계로 스며들어, 이제는 사용자의 의지마저 시험한다."
활,추적,6,+6강 추적 속삭이는 활,"추적의 힘이 활에 속삭이는 단계로 스며들어, 이제는 사용자의 의지마저 시험한다."
활,추적,7,+7강 추적 의지를 가진 활,"추적의 힘이 활에 의지를 가진 단계로 스며들어, 이제는 사용자의 의지마저 시험한다."
활,추적,8,+8강 추적 시험하는 활,"추적의 힘이 활에 시험하는 단계로 스며들어, 이제는 사용자의 의지마저 시험한다."
활,추적,9,+9강 추적 명령하는 활,"추적의 힘이 활에 명령하는 단계로 스며들어, 이제는 사용자의 의지마저 시험한다."
활,추적,10,+10강 추적 주인이 된 활,"추적의 힘이 활에 주인이  단계로 스며들어, 이제는 사용자의 의지마저 시험한다."
활,추적,11,+11강 추적 굴복시킨 활,"추적의 힘이 활에 굴복시킨 단계로 스며들어, 이제는 사용자의 의지마저 시험한다."
활,추적,12,+12강 추적 피를 요구하는 활,"추적의 힘이 활에 피를 요구하는 단계로 스며들어, 이제는 사용자의 의지마저 시험한다."
활,추적,13,+13강 추적 전장을 뒤덮는 활,"추적의 힘이 활에 전장을 뒤덮는 단계로 스며들어, 이제는 사용자의 의지마저 시험한다."
활,추적,14,+14강 추적 영혼을 침식하는 활,"추적의 힘이 활에 영혼을 침식하는 단계로 스며들어, 이제는 사용자의 의지마저 시험한다."
활,추적,15,+15강 추적 재앙이 된 활,"추적의 힘이 활에 재앙이  단계로 스며들어, 이제는 사용자의 의지마저 시험한다."
활,추적,16,+16강 추적 세계에 뿌리내린 활,"추적의 힘이 활에 세계에 뿌리내린 단계로 스며들어, 이제는 사용자의 의지마저 시험한다."
활,추적,17,+17강 추적 질서를 뒤흔드는 활,"추적의 힘이 활에 질서를 뒤흔드는 단계로 스며들어, 이제는 사용자의 의지마저 시험한다."
활,추적,18,+18강 추적 세계를 삼키는 활,"추적의 힘이 활에 세계를 삼키는 단계로 스며들어, 이제는 사용자의 의지마저 시험한다."
활,추적,19,+19강 추적 모든 것을 집어삼킨 활,"추적의 힘이 활에 모든 것을 집어삼킨 단계로 스며들어, 이제는 사용자의 의지마저 시험한다."
활,추적,20,+20강 추적 그 자체가 된 활,"추적의 힘이 활에 그 자체가  단계로 스며들어, 이제는 사용자의 의지마저 시험한다."
활,저격,0,+0강 저격 흔적만 남은 활,"저격의 힘이 활에 흔적만 남은 단계로 스며들어, 이제는 사용자의 의지마저 시험한다."
활,저격,1,+1강 저격 깃든 활,"저격의 힘이 활에 깃든 단계로 스며들어, 이제는 사용자의 의지마저 시험한다."
활,저격,2,+2강 저격 뒤얽힌 활,"저격의 힘이 활에 뒤얽힌 단계로 스며들어, 이제는 사용자의 의지마저 시험한다."
활,저격,3,+3강 저격 잠식된 활,"저격의 힘이 활에 잠식 단계로 스며들어, 이제는 사용자의 의지마저 시험한다."
활,저격,4,+4강 저격 삼켜진 활,"저격의 힘이 활에 삼켜진 단계로 스며들어, 이제는 사용자의 의지마저 시험한다."
활,저격,5,+5강 저격 숨 쉬는 활,"저격의 힘이 활에 숨 쉬는 단계로 스며들어, 이제는 사용자의 의지마저 시험한다."
활,저격,6,+6강 저격 속삭이는 활,"저격의 힘이 활에 속삭이는 단계로 스며들어, 이제는 사용자의 의지마저 시험한다."
활,저격,7,+7강 저격 의지를 가진 활,"저격의 힘이 활에 의지를 가진 단계로 스며들어, 이제는 사용자의 의지마저 시험한다."
활,저격,8,+8강 저격 시험하는 활,"저격의 힘이 활에 시험하는 단계로 스며들어, 이제는 사용자의 의지마저 시험한다."
활,저격,9,+9강 저격 명령하는 활,"저격의 힘이 활에 명령하는 단계로 스며들어, 이제는 사용자의 의지마저 시험한다."
활,저격,10,+10강 저격 주인이 된 활,"저격의 힘이 활에 주인이  단계로 스며들어, 이제는 사용자의 의지마저 시험한다."
활,저격,11,+11강 저격 굴복시킨 활,"저격의 힘이 활에 굴복시킨 단계로 스며들어, 이제는 사용자의 의지마저 시험한다."
활,저격,12,+12강 저격 피를 요구하는 활,"저격의 힘이 활에 피를 요구하는 단계로 스며들어, 이제는 사용자의 의지마저 시험한다."
활,저격,13,+13강 저격 전장을 뒤덮는 활,"저격의 힘이 활에 전장을 뒤덮는 단계로 스며들어, 이제는 사용자의 의지마저 시험한다."
활,저격,14,+14강 저격 영혼을 침식하는 활,"저격의 힘이 활에 영혼을 침식하는 단계로 스며들어, 이제는 사용자의 의지마저 시험한다."
활,저격,15,+15강 저격 재앙이 된 활,"저격의 힘이 활에 재앙이  단계로 스며들어, 이제는 사용자의 의지마저 시험한다."
활,저격,16,+16강 저격 세계에 뿌리내린 활,"저격의 힘이 활에 세계에 뿌리내린 단계로 스며들어, 이제는 사용자의 의지마저 시험한다."
활,저격,17,+17강 저격 질서를 뒤흔드는 활,"저격의 힘이 활에 질서를 뒤흔드는 단계로 스며들어, 이제는 사용자의 의지마저 시험한다."
활,저격,18,+18강 저격 세계를 삼키는 활,"저격의 힘이 활에 세계를 삼키는 단계로 스며들어, 이제는 사용자의 의지마저 시험한다."
활,저격,19,+19강 저격 모든 것을 집어삼킨 활,"저격의 힘이 활에 모든 것을 집어삼킨 단계로 스며들어, 이제는 사용자의 의지마저 시험한다."
활,저격,20,+20강 저격 그 자체가 된 활,"저격의 힘이 활에 그 자체가  단계로 스며들어, 이제는 사용자의 의지마저 시험한다."
활,절멸,0,+0강 절멸 흔적만 남은 활,"절멸의 힘이 활에 흔적만 남은 단계로 스며들어, 이제는 사용자의 의지마저 시험한다."
활,절멸,1,+1강 절멸 깃든 활,"절멸의 힘이 활에 깃든 단계로 스며들어, 이제는 사용자의 의지마저 시험한다."
활,절멸,2,+2강 절멸 뒤얽힌 활,"절멸의 힘이 활에 뒤얽힌 단계로 스며들어, 이제는 사용자의 의지마저 시험한다."
활,절멸,3,+3강 절멸 잠식된 활,"절멸의 힘이 활에 잠식 단계로 스며들어, 이제는 사용자의 의지마저 시험한다."
활,절멸,4,+4강 절멸 삼켜진 활,"절멸의 힘이 활에 삼켜진 단계로 스며들어, 이제는 사용자의 의지마저 시험한다."
활,절멸,5,+5강 절멸 숨 쉬는 활,"절멸의 힘이 활에 숨 쉬는 단계로 스며들어, 이제는 사용자의 의지마저 시험한다."
활,절멸,6,+6강 절멸 속삭이는 활,"절멸의 힘이 활에 속삭이는 단계로 스며들어, 이제는 사용자의 의지마저 시험한다."
활,절멸,7,+7강 절멸 의지를 가진 활,"절멸의 힘이 활에 의지를 가진 단계로 스며들어, 이제는 사용자의 의지마저 시험한다."
활,절멸,8,+8강 절멸 시험하는 활,"절멸의 힘이 활에 시험하는 단계로 스며들어, 이제는 사용자의 의지마저 시험한다."
활,절멸,9,+9강 절멸 명령하는 활,"절멸의 힘이 활에 명령하는 단계로 스며들어, 이제는 사용자의 의지마저 시험한다."
활,절멸,10,+10강 절멸 주인이 된 활,"절멸의 힘이 활에 주인이  단계로 스며들어, 이제는 사용자의 의지마저 시험한다."
활,절멸,11,+11강 절멸 굴복시킨 활,"절멸의 힘이 활에 굴복시킨 단계로 스며들어, 이제는 사용자의 의지마저 시험한다."
활,절멸,12,+12강 절멸 피를 요구하는 활,"절멸의 힘이 활에 피를 요구하는 단계로 스며들어, 이제는 사용자의 의지마저 시험한다."
활,절멸,13,+13강 절멸 전장을 뒤덮는 활,"절멸의 힘이 활에 전장을 뒤덮는 단계로 스며들어, 이제는 사용자의 의지마저 시험한다."
활,절멸,14,+14강 절멸 영혼을 침식하는 활,"절멸의 힘이 활에 영혼을 침식하는 단계로 스며들어, 이제는 사용자의 의지마저 시험한다."
활,절멸,15,+15강 절멸 재앙이 된 활,"절멸의 힘이 활에 재앙이  단계로 스며들어, 이제는 사용자의 의지마저 시험한다."
활,절멸,16,+16강 절멸 세계에 뿌리내린 활,"절멸의 힘이 활에 세계에 뿌리내린 단계로 스며들어, 이제는 사용자의 의지마저 시험한다."
활,절멸,17,+17강 절멸 질서를 뒤흔드는 활,"절멸의 힘이 활에 질서를 뒤흔드는 단계로 스며들어, 이제는 사용자의 의지마저 시험한다."
활,절멸,18,+18강 절멸 세계를 삼키는 활,"절멸의 힘이 활에 세계를 삼키는 단계로 스며들어, 이제는 사용자의 의지마저 시험한다."
활,절멸,19,+19강 절멸 모든 것을 집어삼킨 활,"절멸의 힘이 활에 모든 것을 집어삼킨 단계로 스며들어, 이제는 사용자의 의지마저 시험한다."
활,절멸,20,+20강 절멸 그 자체가 된 활,"절멸의 힘이 활에 그 자체가  단계로 스며들어, 이제는 사용자의 의지마저 시험한다."
활,운명,0,+0강 운명 흔적만 남은 활,"운명의 힘이 활에 흔적만 남은 단계로 스며들어, 이제는 사용자의 의지마저 시험한다."
활,운명,1,+1강 운명 깃든 활,"운명의 힘이 활에 깃든 단계로 스며들어, 이제는 사용자의 의지마저 시험한다."
활,운명,2,+2강 운명 뒤얽힌 활,"운명의 힘이 활에 뒤얽힌 단계로 스며들어, 이제는 사용자의 의지마저 시험한다."
활,운명,3,+3강 운명 잠식된 활,"운명의 힘이 활에 잠식 단계로 스며들어, 이제는 사용자의 의지마저 시험한다."
활,운명,4,+4강 운명 삼켜진 활,"운명의 힘이 활에 삼켜진 단계로 스며들어, 이제는 사용자의 의지마저 시험한다."
활,운명,5,+5강 운명 숨 쉬는 활,"운명의 힘이 활에 숨 쉬는 단계로 스며들어, 이제는 사용자의 의지마저 시험한다."
활,운명,6,+6강 운명 속삭이는 활,"운명의 힘이 활에 속삭이는 단계로 스며들어, 이제는 사용자의 의지마저 시험한다."
활,운명,7,+7강 운명 의지를 가진 활,"운명의 힘이 활에 의지를 가진 단계로 스며들어, 이제는 사용자의 의지마저 시험한다."
활,운명,8,+8강 운명 시험하는 활,"운명의 힘이 활에 시험하는 단계로 스며들어, 이제는 사용자의 의지마저 시험한다."
활,운명,9,+9강 운명 명령하는 활,"운명의 힘이 활에 명령하는 단계로 스며들어, 이제는 사용자의 의지마저 시험한다."
활,운명,10,+10강 운명 주인이 된 활,"운명의 힘이 활에 주인이  단계로 스며들어, 이제는 사용자의 의지마저 시험한다."
활,운명,11,+11강 운명 굴복시킨 활,"운명의 힘이 활에 굴복시킨 단계로 스며들어, 이제는 사용자의 의지마저 시험한다."
활,운명,12,+12강 운명 피를 요구하는 활,"운명의 힘이 활에 피를 요구하는 단계로 스며들어, 이제는 사용자의 의지마저 시험한다."
활,운명,13,+13강 운명 전장을 뒤덮는 활,"운명의 힘이 활에 전장을 뒤덮는 단계로 스며들어, 이제는 사용자의 의지마저 시험한다."
활,운명,14,+14강 운명 영혼을 침식하는 활,"운명의 힘이 활에 영혼을 침식하는 단계로 스며들어, 이제는 사용자의 의지마저 시험한다."
활,운명,15,+15강 운명 재앙이 된 활,"운명의 힘이 활에 재앙이  단계로 스며들어, 이제는 사용자의 의지마저 시험한다."
활,운명,16,+16강 운명 세계에 뿌리내린 활,"운명의 힘이 활에 세계에 뿌리내린 단계로 스며들어, 이제는 사용자의 의지마저 시험한다."
활,운명,17,+17강 운명 질서를 뒤흔드는 활,"운명의 힘이 활에 질서를 뒤흔드는 단계로 스며들어, 이제는 사용자의 의지마저 시험한다."
활,운명,18,+18강 운명 세계를 삼키는 활,"운명의 힘이 활에 세계를 삼키는 단계로 스며들어, 이제는 사용자의 의지마저 시험한다."
활,운명,19,+19강 운명 모든 것을 집어삼킨 활,"운명의 힘이 활에 모든 것을 집어삼킨 단계로 스며들어, 이제는 사용자의 의지마저 시험한다."
활,운명,20,+20강 운명 그 자체가 된 활,"운명의 힘이 활에 그 자체가  단계로 스며들어, 이제는 사용자의 의지마저 시험한다."
활,삭제,0,+0강 삭제 흔적만 남은 활,"삭제의 힘이 활에 흔적만 남은 단계로 스며들어, 이제는 사용자의 의지마저 시험한다."
활,삭제,1,+1강 삭제 깃든 활,"삭제의 힘이 활에 깃든 단계로 스며들어, 이제는 사용자의 의지마저 시험한다."
활,삭제,2,+2강 삭제 뒤얽힌 활,"삭제의 힘이 활에 뒤얽힌 단계로 스며들어, 이제는 사용자의 의지마저 시험한다."
활,삭제,3,+3강 삭제 잠식된 활,"삭제의 힘이 활에 잠식 단계로 스며들어, 이제는 사용자의 의지마저 시험한다."
활,삭제,4,+4강 삭제 삼켜진 활,"삭제의 힘이 활에 삼켜진 단계로 스며들어, 이제는 사용자의 의지마저 시험한다."
활,삭제,5,+5강 삭제 숨 쉬는 활,"삭제의 힘이 활에 숨 쉬는 단계로 스며들어, 이제는 사용자의 의지마저 시험한다."
활,삭제,6,+6강 삭제 속삭이는 활,"삭제의 힘이 활에 속삭이는 단계로 스며들어, 이제는 사용자의 의지마저 시험한다."
활,삭제,7,+7강 삭제 의지를 가진 활,"삭제의 힘이 활에 의지를 가진 단계로 스며들어, 이제는 사용자의 의지마저 시험한다."
활,삭제,8,+8강 삭제 시험하는 활,"삭제의 힘이 활에 시험하는 단계로 스며들어, 이제는 사용자의 의지마저 시험한다."
활,삭제,9,+9강 삭제 명령하는 활,"삭제의 힘이 활에 명령하는 단계로 스며들어, 이제는 사용자의 의지마저 시험한다."
활,삭제,10,+10강 삭제 주인이 된 활,"삭제의 힘이 활에 주인이  단계로 스며들어, 이제는 사용자의 의지마저 시험한다."
활,삭제,11,+11강 삭제 굴복시킨 활,"삭제의 힘이 활에 굴복시킨 단계로 스며들어, 이제는 사용자의 의지마저 시험한다."
활,삭제,12,+12강 삭제 피를 요구하는 활,"삭제의 힘이 활에 피를 요구하는 단계로 스며들어, 이제는 사용자의 의지마저 시험한다."
활,삭제,13,+13강 삭제 전장을 뒤덮는 활,"삭제의 힘이 활에 전장을 뒤덮는 단계로 스며들어, 이제는 사용자의 의지마저 시험한다."
활,삭제,14,+14강 삭제 영혼을 침식하는 활,"삭제의 힘이 활에 영혼을 침식하는 단계로 스며들어, 이제는 사용자의 의지마저 시험한다."
활,삭제,15,+15강 삭제 재앙이 된 활,"삭제의 힘이 활에 재앙이  단계로 스며들어, 이제는 사용자의 의지마저 시험한다."
활,삭제,16,+16강 삭제 세계에 뿌리내린 활,"삭제의 힘이 활에 세계에 뿌리내린 단계로 스며들어, 이제는 사용자의 의지마저 시험한다."
활,삭제,17,+17강 삭제 질서를 뒤흔드는 활,"삭제의 힘이 활에 질서를 뒤흔드는 단계로 스며들어, 이제는 사용자의 의지마저 시험한다."
활,삭제,18,+18강 삭제 세계를 삼키는 활,"삭제의 힘이 활에 세계를 삼키는 단계로 스며들어, 이제는 사용자의 의지마저 시험한다."
활,삭제,19,+19강 삭제 모든 것을 집어삼킨 활,"삭제의 힘이 활에 모든 것을 집어삼킨 단계로 스며들어, 이제는 사용자의 의지마저 시험한다."
활,삭제,20,+20강 삭제 그 자체가 된 활,"삭제의 힘이 활에 그 자체가  단계로 스며들어, 이제는 사용자의 의지마저 시험한다."
활,종말,0,+0강 종말 흔적만 남은 활,"종말의 힘이 활에 흔적만 남은 단계로 스며들어, 이제는 사용자의 의지마저 시험한다."
활,종말,1,+1강 종말 깃든 활,"종말의 힘이 활에 깃든 단계로 스며들어, 이제는 사용자의 의지마저 시험한다."
활,종말,2,+2강 종말 뒤얽힌 활,"종말의 힘이 활에 뒤얽힌 단계로 스며들어, 이제는 사용자의 의지마저 시험한다."
활,종말,3,+3강 종말 잠식된 활,"종말의 힘이 활에 잠식 단계로 스며들어, 이제는 사용자의 의지마저 시험한다."
활,종말,4,+4강 종말 삼켜진 활,"종말의 힘이 활에 삼켜진 단계로 스며들어, 이제는 사용자의 의지마저 시험한다."
활,종말,5,+5강 종말 숨 쉬는 활,"종말의 힘이 활에 숨 쉬는 단계로 스며들어, 이제는 사용자의 의지마저 시험한다."
활,종말,6,+6강 종말 속삭이는 활,"종말의 힘이 활에 속삭이는 단계로 스며들어, 이제는 사용자의 의지마저 시험한다."
활,종말,7,+7강 종말 의지를 가진 활,"종말의 힘이 활에 의지를 가진 단계로 스며들어, 이제는 사용자의 의지마저 시험한다."
활,종말,8,+8강 종말 시험하는 활,"종말의 힘이 활에 시험하는 단계로 스며들어, 이제는 사용자의 의지마저 시험한다."
활,종말,9,+9강 종말 명령하는 활,"종말의 힘이 활에 명령하는 단계로 스며들어, 이제는 사용자의 의지마저 시험한다."
활,종말,10,+10강 종말 주인이 된 활,"종말의 힘이 활에 주인이  단계로 스며들어, 이제는 사용자의 의지마저 시험한다."
활,종말,11,+11강 종말 굴복시킨 활,"종말의 힘이 활에 굴복시킨 단계로 스며들어, 이제는 사용자의 의지마저 시험한다."
활,종말,12,+12강 종말 피를 요구하는 활,"종말의 힘이 활에 피를 요구하는 단계로 스며들어, 이제는 사용자의 의지마저 시험한다."
활,종말,13,+13강 종말 전장을 뒤덮는 활,"종말의 힘이 활에 전장을 뒤덮는 단계로 스며들어, 이제는 사용자의 의지마저 시험한다."
활,종말,14,+14강 종말 영혼을 침식하는 활,"종말의 힘이 활에 영혼을 침식하는 단계로 스며들어, 이제는 사용자의 의지마저 시험한다."
활,종말,15,+15강 종말 재앙이 된 활,"종말의 힘이 활에 재앙이  단계로 스며들어, 이제는 사용자의 의지마저 시험한다."
활,종말,16,+16강 종말 세계에 뿌리내린 활,"종말의 힘이 활에 세계에 뿌리내린 단계로 스며들어, 이제는 사용자의 의지마저 시험한다."
활,종말,17,+17강 종말 질서를 뒤흔드는 활,"종말의 힘이 활에 질서를 뒤흔드는 단계로 스며들어, 이제는 사용자의 의지마저 시험한다."
활,종말,18,+18강 종말 세계를 삼키는 활,"종말의 힘이 활에 세계를 삼키는 단계로 스며들어, 이제는 사용자의 의지마저 시험한다."
활,종말,19,+19강 종말 모든 것을 집어삼킨 활,"종말의 힘이 활에 모든 것을 집어삼킨 단계로 스며들어, 이제는 사용자의 의지마저 시험한다."
활,종말,20,+20강 종말 그 자체가 된 활,"종말의 힘이 활에 그 자체가  단계로 스며들어, 이제는 사용자의 의지마저 시험한다."
